부재ID,도면부재명,유형,구역,층,치수(mm),스팬/높이(mm),체적(m³)
C1-B2F-DONG-0001,C1,기둥,DONG,B2F,400x800,3300,1.056
C1-B2F-DONG-0002,C1,기둥,DONG,B2F,400x800,3300,1.056
C1-B2F-DONG-0003,C1,기둥,DONG,B2F,400x800,3300,1.056
C1-B2F-DONG-0004,C1,기둥,DONG,B2F,400x800,3300,1.056
C1-B2F-DONG-0005,C1,기둥,DONG,B2F,400x800,3300,1.056
C1-B2F-DONG-0006,C1,기둥,DONG,B2F,800x400,3300,1.056
C1-B2F-DONG-0007,C1,기둥,DONG,B2F,400x800,3300,1.056
C1-B2F-DONG-0008,C1,기둥,DONG,B2F,400x800,3300,1.056
C1-B2F-DONG-0009,C1,기둥,DONG,B2F,400x800,3300,1.056
C1-B2F-DONG-0010,C1,기둥,DONG,B2F,400x800,3300,1.056
C1-B2F-DONG-0011,C1,기둥,DONG,B2F,800x400,3300,1.056
C1-B2F-DONG-0012,C1,기둥,DONG,B2F,400x800,3300,1.056
C1-B2F-DONG-0013,C1,기둥,DONG,B2F,400x800,3300,1.056
C1-B2F-DONG-0014,C1,기둥,DONG,B2F,400x800,3300,1.056
C1-B2F-DONG-0015,C1,기둥,DONG,B2F,400x800,3300,1.056
C1-B2F-DONG-0016,C1,기둥,DONG,B2F,800x400,3300,1.056
C1-B2F-DONG-0017,C1,기둥,DONG,B2F,400x800,3300,1.056
C1-B2F-DONG-0018,C1,기둥,DONG,B2F,400x800,3300,1.056
TC13-B2F-DONG-0001,TC13,기둥,DONG,B2F,1499x800,3300,3.96
TC13-B2F-DONG-0002,TC13,기둥,DONG,B2F,1500x800,3300,3.96
TC13-B2F-DONG-0003,TC13,기둥,DONG,B2F,1500x800,3300,3.96
C1-B2F-DONG-0019,C1,기둥,DONG,B2F,400x800,3300,1.056
C1-B2F-DONG-0020,C1,기둥,DONG,B2F,400x800,3300,1.056
C1-B2F-DONG-0021,C1,기둥,DONG,B2F,400x800,3300,1.056
C1-B2F-DONG-0022,C1,기둥,DONG,B2F,400x800,3300,1.056
C1-B2F-DONG-0023,C1,기둥,DONG,B2F,400x800,3300,1.056
C1-B2F-DONG-0024,C1,기둥,DONG,B2F,400x800,3300,1.056
C1-B2F-DONG-0025,C1,기둥,DONG,B2F,400x800,3300,1.056
C1-B2F-DONG-0026,C1,기둥,DONG,B2F,400x800,3300,1.056
C1-B2F-DONG-0027,C1,기둥,DONG,B2F,400x800,3300,1.056
C1-B2F-DONG-0028,C1,기둥,DONG,B2F,400x800,3300,1.056
C1-B2F-DONG-0029,C1,기둥,DONG,B2F,400x800,3300,1.056
C1-B2F-DONG-0030,C1,기둥,DONG,B2F,400x800,3300,1.056
C1-B2F-DONG-0031,C1,기둥,DONG,B2F,400x800,3300,1.056
C1-B2F-DONG-0032,C1,기둥,DONG,B2F,400x800,3300,1.056
C1-B2F-DONG-0033,C1,기둥,DONG,B2F,400x800,3300,1.056
C1-B2F-DONG-0034,C1,기둥,DONG,B2F,400x800,3300,1.056
C1-B2F-DONG-0035,C1,기둥,DONG,B2F,400x800,3300,1.056
C1-B2F-DONG-0036,C1,기둥,DONG,B2F,800x400,3300,1.056
C1-B2F-DONG-0037,C1,기둥,DONG,B2F,400x800,3300,1.056
C1-B2F-DONG-0038,C1,기둥,DONG,B2F,400x800,3300,1.056
C1-B2F-DONG-0039,C1,기둥,DONG,B2F,400x800,3300,1.056
C1-B2F-DONG-0040,C1,기둥,DONG,B2F,400x800,3300,1.056
C1-B2F-DONG-0041,C1,기둥,DONG,B2F,400x800,3300,1.056
C1-B2F-DONG-0042,C1,기둥,DONG,B2F,400x800,3300,1.056
C1-B2F-DONG-0043,C1,기둥,DONG,B2F,400x800,3300,1.056
C1-B2F-DONG-0044,C1,기둥,DONG,B2F,400x800,3300,1.056
C1-B2F-DONG-0045,C1,기둥,DONG,B2F,400x800,3300,1.056
C1-B2F-DONG-0046,C1,기둥,DONG,B2F,400x800,3300,1.056
C1-B2F-DONG-0047,C1,기둥,DONG,B2F,400x800,3300,1.056
C1-B2F-DONG-0048,C1,기둥,DONG,B2F,400x800,3300,1.056
C1-B2F-DONG-0049,C1,기둥,DONG,B2F,400x800,3300,1.056
C1-B2F-DONG-0050,C1,기둥,DONG,B2F,400x800,3300,1.056
C1-B2F-DONG-0051,C1,기둥,DONG,B2F,400x800,3300,1.056
C1-B2F-DONG-0052,C1,기둥,DONG,B2F,800x400,3300,1.056
C1-B2F-DONG-0053,C1,기둥,DONG,B2F,400x800,3300,1.056
C1-B2F-DONG-0054,C1,기둥,DONG,B2F,400x800,3300,1.056
C1-B2F-DONG-0055,C1,기둥,DONG,B2F,400x800,3300,1.056
C1-B2F-DONG-0056,C1,기둥,DONG,B2F,400x800,3300,1.056
C1-B2F-DONG-0057,C1,기둥,DONG,B2F,400x800,3300,1.056
C1-B2F-DONG-0058,C1,기둥,DONG,B2F,400x800,3300,1.056
C1-B2F-DONG-0059,C1,기둥,DONG,B2F,400x800,3300,1.056
C1-B2F-DONG-0060,C1,기둥,DONG,B2F,400x800,3300,1.056
C1-B2F-DONG-0061,C1,기둥,DONG,B2F,400x800,3300,1.056
C1-B2F-DONG-0062,C1,기둥,DONG,B2F,400x800,3300,1.056
C1-B2F-DONG-0063,C1,기둥,DONG,B2F,400x800,3300,1.056
C1-B2F-DONG-0064,C1,기둥,DONG,B2F,400x800,3300,1.056
C1-B2F-DONG-0065,C1,기둥,DONG,B2F,400x800,3300,1.056
C1-B2F-DONG-0066,C1,기둥,DONG,B2F,400x800,3300,1.056
C1-B2F-DONG-0067,C1,기둥,DONG,B2F,400x800,3300,1.056
C1-B2F-DONG-0068,C1,기둥,DONG,B2F,400x800,3300,1.056
C1-B2F-DONG-0069,C1,기둥,DONG,B2F,800x400,3300,1.056
C1-B2F-DONG-0070,C1,기둥,DONG,B2F,800x400,3300,1.056
C1-B2F-DONG-0071,C1,기둥,DONG,B2F,400x800,3300,1.056
C1-B2F-DONG-0072,C1,기둥,DONG,B2F,400x800,3300,1.056
C1-B2F-DONG-0073,C1,기둥,DONG,B2F,400x800,3300,1.056
C1-B2F-DONG-0074,C1,기둥,DONG,B2F,400x800,3300,1.056
C1-B2F-DONG-0075,C1,기둥,DONG,B2F,400x800,3300,1.056
C1-B2F-DONG-0076,C1,기둥,DONG,B2F,400x800,3300,1.056
C1-B2F-DONG-0077,C1,기둥,DONG,B2F,400x800,3300,1.056
C1-B2F-DONG-0078,C1,기둥,DONG,B2F,800x400,3300,1.056
C1-B2F-DONG-0079,C1,기둥,DONG,B2F,800x400,3300,1.056
C1-B2F-DONG-0080,C1,기둥,DONG,B2F,400x800,3300,1.056
C1-B2F-DONG-0081,C1,기둥,DONG,B2F,800x400,3300,1.056
C1-B2F-DONG-0082,C1,기둥,DONG,B2F,800x400,3300,1.056
C1-B2F-DONG-0083,C1,기둥,DONG,B2F,800x400,3300,1.056
C1-B2F-DONG-0084,C1,기둥,DONG,B2F,800x400,3300,1.056
C1-B2F-DONG-0085,C1,기둥,DONG,B2F,800x400,3300,1.056
C1-B2F-DONG-0086,C1,기둥,DONG,B2F,400x800,3300,1.056
C1-B2F-DONG-0087,C1,기둥,DONG,B2F,800x400,3300,1.056
C1-B2F-DONG-0088,C1,기둥,DONG,B2F,400x800,3300,1.056
C1-B2F-DONG-0089,C1,기둥,DONG,B2F,800x400,3300,1.056
C1-B2F-DONG-0090,C1,기둥,DONG,B2F,400x800,3300,1.056
C1-B2F-DONG-0091,C1,기둥,DONG,B2F,400x800,3300,1.056
C1-B2F-DONG-0092,C1,기둥,DONG,B2F,400x800,3300,1.056
C1-B2F-DONG-0093,C1,기둥,DONG,B2F,400x800,3300,1.056
C1-B2F-DONG-0094,C1,기둥,DONG,B2F,400x800,3300,1.056
C1-B2F-DONG-0095,C1,기둥,DONG,B2F,400x800,3300,1.056
C1-B2F-DONG-0096,C1,기둥,DONG,B2F,400x800,3300,1.056
C1-B2F-DONG-0097,C1,기둥,DONG,B2F,400x800,3300,1.056
C1-B2F-DONG-0098,C1,기둥,DONG,B2F,400x800,3300,1.056
C1-B2F-DONG-0099,C1,기둥,DONG,B2F,400x800,3300,1.056
C1-B2F-DONG-0100,C1,기둥,DONG,B2F,400x800,3300,1.056
C1-B2F-DONG-0101,C1,기둥,DONG,B2F,400x800,3300,1.056
C1-B2F-DONG-0102,C1,기둥,DONG,B2F,400x800,3300,1.056
C1-B2F-DONG-0103,C1,기둥,DONG,B2F,400x800,3300,1.056
C1-B2F-DONG-0104,C1,기둥,DONG,B2F,400x800,3300,1.056
C1-B2F-DONG-0105,C1,기둥,DONG,B2F,400x800,3300,1.056
C1-B2F-DONG-0106,C1,기둥,DONG,B2F,400x800,3300,1.056
C1-B2F-DONG-0107,C1,기둥,DONG,B2F,400x800,3300,1.056
C1-B2F-DONG-0108,C1,기둥,DONG,B2F,400x800,3300,1.056
C1-B2F-DONG-0109,C1,기둥,DONG,B2F,400x800,3300,1.056
C1-B2F-DONG-0110,C1,기둥,DONG,B2F,400x800,3300,1.056
C1-B2F-DONG-0111,C1,기둥,DONG,B2F,400x800,3300,1.056
TC1-B2F-DONG-0001,TC1,기둥,DONG,B2F,600x1500,3300,2.97
TC2-B2F-DONG-0001,TC2,기둥,DONG,B2F,600x1200,3300,2.376
TC8-B2F-DONG-0001,TC8,기둥,DONG,B2F,600x1800,3300,3.564
TC2-B2F-DONG-0002,TC2,기둥,DONG,B2F,600x1200,3300,2.376
TC2-B2F-DONG-0003,TC2,기둥,DONG,B2F,600x1200,3300,2.376
TC1-B2F-DONG-0002,TC1,기둥,DONG,B2F,600x1500,3300,2.97
TC2-B2F-DONG-0004,TC2,기둥,DONG,B2F,600x1200,3300,2.376
TC8-B2F-DONG-0002,TC8,기둥,DONG,B2F,600x1800,3300,3.564
TC75-B2F-DONG-0001,TC75,기둥,DONG,B2F,1100x900,3300,3.267
TC8-B2F-DONG-0003,TC8,기둥,DONG,B2F,600x1800,3300,3.564
TC8-B2F-DONG-0004,TC8,기둥,DONG,B2F,600x1800,3300,3.564
TC8-B2F-DONG-0005,TC8,기둥,DONG,B2F,600x1800,3300,3.564
TC75-B2F-DONG-0002,TC75,기둥,DONG,B2F,1100x900,3300,3.267
TC2-B2F-DONG-0005,TC2,기둥,DONG,B2F,600x1200,3300,2.376
TC2-B2F-DONG-0006,TC2,기둥,DONG,B2F,600x1200,3300,2.376
TC8-B2F-DONG-0006,TC8,기둥,DONG,B2F,600x1800,3300,3.564
TC2-B2F-DONG-0007,TC2,기둥,DONG,B2F,600x1200,3300,2.376
TC2-B2F-DONG-0008,TC2,기둥,DONG,B2F,600x1200,3300,2.376
TC1-B2F-DONG-0003,TC1,기둥,DONG,B2F,600x1500,3300,2.97
TC1-B2F-DONG-0004,TC1,기둥,DONG,B2F,600x1500,3300,2.97
C1-B2F-DONG-0112,C1,기둥,DONG,B2F,400x800,3300,1.056
C1-B2F-DONG-0113,C1,기둥,DONG,B2F,400x800,3300,1.056
C1-B2F-DONG-0114,C1,기둥,DONG,B2F,400x800,3300,1.056
C1-B2F-DONG-0115,C1,기둥,DONG,B2F,400x800,3300,1.056
C1-B2F-DONG-0116,C1,기둥,DONG,B2F,400x800,3300,1.056
C1-B2F-DONG-0117,C1,기둥,DONG,B2F,400x800,3300,1.056
C1-B2F-DONG-0118,C1,기둥,DONG,B2F,400x800,3300,1.056
C1-B2F-DONG-0119,C1,기둥,DONG,B2F,400x800,3300,1.056
C1-B2F-DONG-0120,C1,기둥,DONG,B2F,400x800,3300,1.056
C1-B2F-DONG-0121,C1,기둥,DONG,B2F,400x800,3300,1.056
C1-B2F-DONG-0122,C1,기둥,DONG,B2F,400x800,3300,1.056
C1-B2F-DONG-0123,C1,기둥,DONG,B2F,400x800,3300,1.056
C1-B2F-DONG-0124,C1,기둥,DONG,B2F,400x800,3300,1.056
C1-B2F-DONG-0125,C1,기둥,DONG,B2F,400x800,3300,1.056
C1-B2F-DONG-0126,C1,기둥,DONG,B2F,400x800,3300,1.056
C1-B2F-DONG-0127,C1,기둥,DONG,B2F,400x800,3300,1.056
C1-B2F-DONG-0128,C1,기둥,DONG,B2F,400x800,3300,1.056
C1-B2F-DONG-0129,C1,기둥,DONG,B2F,400x800,3300,1.056
C1-B2F-DONG-0130,C1,기둥,DONG,B2F,400x800,3300,1.056
C1-B2F-DONG-0131,C1,기둥,DONG,B2F,400x800,3300,1.056
C1-B2F-DONG-0132,C1,기둥,DONG,B2F,400x800,3300,1.056
C1-B2F-DONG-0133,C1,기둥,DONG,B2F,400x800,3300,1.056
C1-B2F-DONG-0134,C1,기둥,DONG,B2F,400x800,3300,1.056
C1-B2F-DONG-0135,C1,기둥,DONG,B2F,400x800,3300,1.056
C1-B2F-DONG-0136,C1,기둥,DONG,B2F,800x400,3300,1.056
C1-B2F-DONG-0137,C1,기둥,DONG,B2F,800x400,3300,1.056
C1-B2F-DONG-0138,C1,기둥,DONG,B2F,400x800,3300,1.056
C1-B2F-DONG-0139,C1,기둥,DONG,B2F,400x800,3300,1.056
C1-B2F-DONG-0140,C1,기둥,DONG,B2F,400x800,3300,1.056
C1-B2F-DONG-0141,C1,기둥,DONG,B2F,400x800,3300,1.056
C1-B2F-DONG-0142,C1,기둥,DONG,B2F,400x800,3300,1.056
C1-B2F-DONG-0143,C1,기둥,DONG,B2F,400x800,3300,1.056
C1-B2F-DONG-0144,C1,기둥,DONG,B2F,400x800,3300,1.056
TC2-B2F-DONG-0009,TC2,기둥,DONG,B2F,600x1200,3300,2.376
TC10-B2F-DONG-0001,TC10,기둥,DONG,B2F,600x1400,3300,2.772
TC1-B2F-DONG-0005,TC1,기둥,DONG,B2F,600x1000,3300,1.98
TC1-B2F-DONG-0006,TC1,기둥,DONG,B2F,600x1000,3300,1.98
TC1-B2F-DONG-0007,TC1,기둥,DONG,B2F,600x1000,3300,1.98
TC10-B2F-DONG-0002,TC10,기둥,DONG,B2F,600x1400,3300,2.772
TC1-B2F-DONG-0008,TC1,기둥,DONG,B2F,600x1000,3300,1.98
TC2-B2F-DONG-0010,TC2,기둥,DONG,B2F,600x1200,3300,2.376
TC1-B2F-DONG-0009,TC1,기둥,DONG,B2F,600x1000,3300,1.98
C1-B2F-DONG-0145,C1,기둥,DONG,B2F,400x800,3300,1.056
C1-B2F-DONG-0146,C1,기둥,DONG,B2F,400x800,3300,1.056
C1-B2F-DONG-0147,C1,기둥,DONG,B2F,400x800,3300,1.056
C1-B2F-DONG-0148,C1,기둥,DONG,B2F,400x800,3300,1.056
C1-B2F-DONG-0149,C1,기둥,DONG,B2F,800x400,3300,1.056
C1-B2F-DONG-0150,C1,기둥,DONG,B2F,400x800,3300,1.056
C1-B2F-DONG-0151,C1,기둥,DONG,B2F,400x800,3300,1.056
TC13-B2F-DONG-0004,TC13,기둥,DONG,B2F,1500x800,3300,3.96
TC13-B2F-DONG-0005,TC13,기둥,DONG,B2F,1500x800,3300,3.96
TC13-B2F-DONG-0006,TC13,기둥,DONG,B2F,1500x800,3300,3.96
C1-B2F-DONG-0152,C1,기둥,DONG,B2F,400x800,3300,1.056
C1-B2F-DONG-0153,C1,기둥,DONG,B2F,400x800,3300,1.056
C1-B2F-DONG-0154,C1,기둥,DONG,B2F,800x400,3300,1.056
C1-B2F-DONG-0155,C1,기둥,DONG,B2F,400x800,3300,1.056
C1-B2F-DONG-0156,C1,기둥,DONG,B2F,400x800,3300,1.056
C1-B2F-DONG-0157,C1,기둥,DONG,B2F,800x400,3300,1.056
C1-B2F-DONG-0158,C1,기둥,DONG,B2F,400x800,3300,1.056
TC12-B2F-DONG-0001,TC12,기둥,DONG,B2F,700x2000,3300,4.62
TC2-B2F-DONG-0011,TC2,기둥,DONG,B2F,600x1200,3300,2.376
TC8-B2F-DONG-0007,TC8,기둥,DONG,B2F,600x1800,3300,3.564
TC2-B2F-DONG-0012,TC2,기둥,DONG,B2F,600x1200,3300,2.376
TC2-B2F-DONG-0013,TC2,기둥,DONG,B2F,600x1199,3300,2.376
TC1-B2F-DONG-0010,TC1,기둥,DONG,B2F,600x1000,3300,1.98
TC1-B2F-DONG-0011,TC1,기둥,DONG,B2F,600x1000,3300,1.98
TC2-B2F-DONG-0014,TC2,기둥,DONG,B2F,600x1200,3300,2.376
C1-B2F-DONG-0159,C1,기둥,DONG,B2F,400x800,3300,1.056
C1-B2F-DONG-0160,C1,기둥,DONG,B2F,400x800,3300,1.056
C1-B2F-DONG-0161,C1,기둥,DONG,B2F,800x400,3300,1.056
C1-B2F-DONG-0162,C1,기둥,DONG,B2F,800x400,3300,1.056
C1-B2F-DONG-0163,C1,기둥,DONG,B2F,400x800,3300,1.056
C1-B2F-DONG-0164,C1,기둥,DONG,B2F,400x800,3300,1.056
C1-B2F-DONG-0165,C1,기둥,DONG,B2F,400x800,3300,1.056
C1-B2F-DONG-0166,C1,기둥,DONG,B2F,800x400,3300,1.056
C1-B2F-DONG-0167,C1,기둥,DONG,B2F,800x400,3300,1.056
C1-B2F-DONG-0168,C1,기둥,DONG,B2F,800x400,3300,1.056
C1-B2F-DONG-0169,C1,기둥,DONG,B2F,800x400,3300,1.056
C1-B2F-DONG-0170,C1,기둥,DONG,B2F,400x800,3300,1.056
C1-B2F-DONG-0171,C1,기둥,DONG,B2F,400x800,3300,1.056
C1-B2F-DONG-0172,C1,기둥,DONG,B2F,400x800,3300,1.056
C1-B2F-DONG-0173,C1,기둥,DONG,B2F,400x800,3300,1.056
C1-B2F-DONG-0174,C1,기둥,DONG,B2F,400x800,3300,1.056
C1-B2F-DONG-0175,C1,기둥,DONG,B2F,400x800,3300,1.056
C1-B2F-DONG-0176,C1,기둥,DONG,B2F,400x800,3300,1.056
C1-B2F-DONG-0177,C1,기둥,DONG,B2F,400x800,3300,1.056
C1-B2F-DONG-0178,C1,기둥,DONG,B2F,400x800,3300,1.056
C1-B2F-DONG-0179,C1,기둥,DONG,B2F,400x800,3300,1.056
C1-B2F-DONG-0180,C1,기둥,DONG,B2F,400x800,3300,1.056
C1-B2F-DONG-0181,C1,기둥,DONG,B2F,400x800,3300,1.056
C1-B2F-DONG-0182,C1,기둥,DONG,B2F,400x800,3300,1.056
C1-B2F-DONG-0183,C1,기둥,DONG,B2F,400x800,3300,1.056
C1-B2F-DONG-0184,C1,기둥,DONG,B2F,400x800,3300,1.056
C1-B2F-DONG-0185,C1,기둥,DONG,B2F,400x800,3300,1.056
C1-B2F-DONG-0186,C1,기둥,DONG,B2F,400x800,3300,1.056
C1-B2F-DONG-0187,C1,기둥,DONG,B2F,400x800,3300,1.056
C1-B2F-DONG-0188,C1,기둥,DONG,B2F,400x800,3300,1.056
C1-B2F-DONG-0189,C1,기둥,DONG,B2F,400x800,3300,1.056
C1-B2F-DONG-0190,C1,기둥,DONG,B2F,400x800,3300,1.056
C1-B2F-DONG-0191,C1,기둥,DONG,B2F,400x800,3300,1.056
C1-B2F-DONG-0192,C1,기둥,DONG,B2F,400x800,3300,1.056
C5-B2F-DONG-0001,C5,기둥,DONG,B2F,900x400,3300,1.188
C1-B2F-DONG-0193,C1,기둥,DONG,B2F,400x800,3300,1.056
C1-B2F-DONG-0194,C1,기둥,DONG,B2F,400x800,3300,1.056
C1-B2F-DONG-0195,C1,기둥,DONG,B2F,800x400,3300,1.056
C1-B2F-DONG-0196,C1,기둥,DONG,B2F,400x800,3300,1.056
C1-B2F-DONG-0197,C1,기둥,DONG,B2F,800x400,3300,1.056
C1-B2F-DONG-0198,C1,기둥,DONG,B2F,800x400,3300,1.056
C1-B2F-DONG-0199,C1,기둥,DONG,B2F,400x800,3300,1.056
C1-B2F-DONG-0200,C1,기둥,DONG,B2F,400x800,3300,1.056
C1-B2F-DONG-0201,C1,기둥,DONG,B2F,400x800,3300,1.056
C1-B2F-DONG-0202,C1,기둥,DONG,B2F,400x800,3300,1.056
C1-B2F-DONG-0203,C1,기둥,DONG,B2F,400x800,3300,1.056
C1-B2F-DONG-0204,C1,기둥,DONG,B2F,400x800,3300,1.056
C1-B2F-DONG-0205,C1,기둥,DONG,B2F,400x800,3300,1.056
C1-B2F-DONG-0206,C1,기둥,DONG,B2F,400x800,3300,1.056
C1-B2F-DONG-0207,C1,기둥,DONG,B2F,400x800,3300,1.056
C1-B2F-DONG-0208,C1,기둥,DONG,B2F,400x800,3300,1.056
C1-B2F-DONG-0209,C1,기둥,DONG,B2F,400x800,3300,1.056
C1-B2F-DONG-0210,C1,기둥,DONG,B2F,400x800,3300,1.056
C1-B2F-DONG-0211,C1,기둥,DONG,B2F,400x800,3300,1.056
C1-B2F-DONG-0212,C1,기둥,DONG,B2F,400x800,3300,1.056
C1-B2F-DONG-0213,C1,기둥,DONG,B2F,400x800,3300,1.056
C1-B2F-DONG-0214,C1,기둥,DONG,B2F,400x800,3300,1.056
C1-B2F-DONG-0215,C1,기둥,DONG,B2F,400x800,3300,1.056
TC19-B2F-DONG-0001,TC19,기둥,DONG,B2F,600x1100,3300,2.178
SW-B2F-DONG-0001,SW,전단벽,DONG,B2F,2327x2094,3300,16.0843
SW-B2F-DONG-0002,SW,전단벽,DONG,B2F,2892x400,3300,3.8181
SW-B2F-DONG-0003,SW,전단벽,DONG,B2F,937x878,3300,2.7183
SW-B2F-DONG-0004,SW,전단벽,DONG,B2F,897x667,3300,1.975
SW-B2F-DONG-0005,SW,전단벽,DONG,B2F,897x667,3300,1.975
SW-B2F-DONG-0006,SW,전단벽,DONG,B2F,580x500,3300,0.957
SW-B2F-DONG-0007,SW,전단벽,DONG,B2F,480x400,3300,0.6336
SW-B2F-DONG-0008,SW,전단벽,DONG,B2F,422x422,3300,0.5895
SW-B2F-DONG-0009,SW,전단벽,DONG,B2F,422x422,3300,0.5895
SW-B2F-DONG-0010,SW,전단벽,DONG,B2F,422x422,3300,0.5895
SW-B2F-DONG-0011,SW,전단벽,DONG,B2F,422x422,3300,0.5895
SW-B2F-DONG-0012,SW,전단벽,DONG,B2F,581x873,3300,1.6757
SW-B2F-DONG-0013,SW,전단벽,DONG,B2F,581x873,3300,1.6757
SW-B2F-DONG-0014,SW,전단벽,DONG,B2F,581x873,3300,1.6757
SW-B2F-DONG-0015,SW,전단벽,DONG,B2F,400x800,3300,1.056
SW-B2F-DONG-0016,SW,전단벽,DONG,B2F,800x400,3300,1.056
SW-B2F-DONG-0017,SW,전단벽,DONG,B2F,800x400,3300,1.056
SW-B2F-DONG-0018,SW,전단벽,DONG,B2F,581x873,3300,1.6757
SW-B2F-DONG-0019,SW,전단벽,DONG,B2F,581x873,3300,1.6757
SW-B2F-DONG-0020,SW,전단벽,DONG,B2F,873x581,3300,1.6757
SW-B2F-DONG-0021,SW,전단벽,DONG,B2F,872x1309,3300,3.7703
SW-B2F-DONG-0022,SW,전단벽,DONG,B2F,1042x1624,3300,5.5875
SW-B2F-DONG-0023,SW,전단벽,DONG,B2F,600x2000,3300,3.96
SW-B2F-DONG-0024,SW,전단벽,DONG,B2F,1264x1683,3300,7.0251
SW-B2F-DONG-0025,SW,전단벽,DONG,B2F,658x1096,3300,2.3842
SW-B2F-DONG-0026,SW,전단벽,DONG,B2F,900x463,3300,1.3754
SW-B2F-DONG-0027,SW,전단벽,DONG,B2F,1011x535,3300,1.7862
SW-B2F-DONG-0028,SW,전단벽,DONG,B2F,463x900,3300,1.3754
SW-B2F-DONG-0029,SW,전단벽,DONG,B2F,900x463,3300,1.3754
SW-B2F-DONG-0030,SW,전단벽,DONG,B2F,580x682,3300,1.3085
SW-B2F-DONG-0031,SW,전단벽,DONG,B2F,400x800,3300,1.056
SW-B2F-DONG-0032,SW,전단벽,DONG,B2F,400x800,3300,1.056
SW-B2F-DONG-0033,SW,전단벽,DONG,B2F,800x400,3300,1.056
SW-B2F-DONG-0034,SW,전단벽,DONG,B2F,800x400,3300,1.056
SW-B2F-DONG-0035,SW,전단벽,DONG,B2F,400x800,3300,1.056
SW-B2F-DONG-0036,SW,전단벽,DONG,B2F,400x800,3300,1.056
SW-B2F-DONG-0037,SW,전단벽,DONG,B2F,400x800,3300,1.056
SW-B2F-DONG-0038,SW,전단벽,DONG,B2F,400x800,3300,1.056
SW-B2F-DONG-0039,SW,전단벽,DONG,B2F,400x800,3300,1.056
SW-B2F-DONG-0040,SW,전단벽,DONG,B2F,400x800,3300,1.056
SW-B2F-DONG-0041,SW,전단벽,DONG,B2F,400x800,3300,1.056
SW-B2F-DONG-0042,SW,전단벽,DONG,B2F,400x800,3300,1.056
SW-B2F-DONG-0043,SW,전단벽,DONG,B2F,400x800,3300,1.056
SW-B2F-DONG-0044,SW,전단벽,DONG,B2F,400x800,3300,1.056
SW-B2F-DONG-0045,SW,전단벽,DONG,B2F,400x800,3300,1.056
SW-B2F-DONG-0046,SW,전단벽,DONG,B2F,400x800,3300,1.056
SW-B2F-DONG-0047,SW,전단벽,DONG,B2F,400x900,3300,1.188
SW-B2F-DONG-0048,SW,전단벽,DONG,B2F,400x800,3300,1.056
SW-B2F-DONG-0049,SW,전단벽,DONG,B2F,400x800,3300,1.056
SW-B2F-DONG-0050,SW,전단벽,DONG,B2F,400x800,3300,1.056
SW-B2F-DONG-0051,SW,전단벽,DONG,B2F,400x800,3300,1.056
SW-B2F-DONG-0052,SW,전단벽,DONG,B2F,400x800,3300,1.056
SW-B2F-DONG-0053,SW,전단벽,DONG,B2F,400x800,3300,1.056
SW-B2F-DONG-0054,SW,전단벽,DONG,B2F,400x800,3300,1.056
SW-B2F-DONG-0055,SW,전단벽,DONG,B2F,800x400,3300,1.056
SW-B2F-DONG-0056,SW,전단벽,DONG,B2F,400x800,3300,1.056
SW-B2F-DONG-0057,SW,전단벽,DONG,B2F,400x800,3300,1.056
SW-B2F-DONG-0058,SW,전단벽,DONG,B2F,400x800,3300,1.056
SW-B2F-DONG-0059,SW,전단벽,DONG,B2F,400x800,3300,1.056
SW-B2F-DONG-0060,SW,전단벽,DONG,B2F,400x800,3300,1.056
SW-B2F-DONG-0061,SW,전단벽,DONG,B2F,400x800,3300,1.056
SW-B2F-DONG-0062,SW,전단벽,DONG,B2F,400x800,3300,1.056
SW-B2F-DONG-0063,SW,전단벽,DONG,B2F,400x800,3300,1.056
SW-B2F-DONG-0064,SW,전단벽,DONG,B2F,400x800,3300,1.056
SW-B2F-DONG-0065,SW,전단벽,DONG,B2F,400x800,3300,1.056
SW-B2F-DONG-0066,SW,전단벽,DONG,B2F,400x800,3300,1.056
SW-B2F-DONG-0067,SW,전단벽,DONG,B2F,400x800,3300,1.056
SW-B2F-DONG-0068,SW,전단벽,DONG,B2F,400x800,3300,1.056
SW-B2F-DONG-0069,SW,전단벽,DONG,B2F,800x400,3300,1.056
SW-B2F-DONG-0070,SW,전단벽,DONG,B2F,800x400,3300,1.056
SW-B2F-DONG-0071,SW,전단벽,DONG,B2F,400x800,3300,1.056
SW-B2F-DONG-0072,SW,전단벽,DONG,B2F,400x800,3300,1.056
SW-B2F-DONG-0073,SW,전단벽,DONG,B2F,903x544,3300,1.6236
SW-B2F-DONG-0074,SW,전단벽,DONG,B2F,903x544,3300,1.6236
SW-B2F-DONG-0075,SW,전단벽,DONG,B2F,600x1500,3300,2.97
SW-B2F-DONG-0076,SW,전단벽,DONG,B2F,600x1200,3300,2.376
SW-B2F-DONG-0077,SW,전단벽,DONG,B2F,600x2650,3300,5.247
SW-B2F-DONG-0078,SW,전단벽,DONG,B2F,600x1300,3300,2.574
SW-B2F-DONG-0079,SW,전단벽,DONG,B2F,800x1500,3300,3.96
SW-B2F-DONG-0080,SW,전단벽,DONG,B2F,1832x1677,3300,10.1395
SW-B2F-DONG-0081,SW,전단벽,DONG,B2F,600x2850,3300,5.643
SW-B2F-DONG-0082,SW,전단벽,DONG,B2F,600x1500,3300,2.97
SW-B2F-DONG-0083,SW,전단벽,DONG,B2F,600x1500,3300,2.97
SW-B2F-DONG-0084,SW,전단벽,DONG,B2F,1339x1119,3300,4.9481
SW-B2F-DONG-0085,SW,전단벽,DONG,B2F,1551x1396,3300,7.1486
SW-B2F-DONG-0086,SW,전단벽,DONG,B2F,600x1000,3300,1.98
SW-B2F-DONG-0087,SW,전단벽,DONG,B2F,600x2200,3300,4.356
SW-B2F-DONG-0088,SW,전단벽,DONG,B2F,1500x1000,3300,4.95
SW-B2F-DONG-0089,SW,전단벽,DONG,B2F,600x1400,3300,2.772
SW-B2F-DONG-0090,SW,전단벽,DONG,B2F,1500x1000,3300,4.95
SW-B2F-DONG-0091,SW,전단벽,DONG,B2F,1500x1200,3300,5.94
SW-B2F-DONG-0092,SW,전단벽,DONG,B2F,600x2200,3300,4.356
SW-B2F-DONG-0093,SW,전단벽,DONG,B2F,600x1400,3300,2.772
SW-B2F-DONG-0094,SW,전단벽,DONG,B2F,1500x1000,3300,4.95
SW-B2F-DONG-0095,SW,전단벽,DONG,B2F,1500x1000,3300,4.95
SW-B2F-DONG-0096,SW,전단벽,DONG,B2F,600x1500,3300,2.97
SW-B2F-DONG-0097,SW,전단벽,DONG,B2F,600x1500,3300,2.97
SW-B2F-DONG-0098,SW,전단벽,DONG,B2F,800x1500,3300,3.96
SW-B2F-DONG-0099,SW,전단벽,DONG,B2F,600x2650,3300,5.247
SW-B2F-DONG-0100,SW,전단벽,DONG,B2F,600x1200,3300,2.376
SW-B2F-DONG-0101,SW,전단벽,DONG,B2F,600x1300,3300,2.574
SW-B2F-DONG-0102,SW,전단벽,DONG,B2F,1832x1677,3300,10.1395
SW-B2F-DONG-0103,SW,전단벽,DONG,B2F,600x1500,3300,2.97
SW-B2F-DONG-0104,SW,전단벽,DONG,B2F,600x2850,3300,5.643
SW-B2F-DONG-0105,SW,전단벽,DONG,B2F,1339x1119,3300,4.9481
SW-B2F-DONG-0106,SW,전단벽,DONG,B2F,1551x1396,3300,7.1486
SW-B2F-DONG-0107,SW,전단벽,DONG,B2F,771x609,3300,1.5521
SW-B2F-DONG-0108,SW,전단벽,DONG,B2F,421x421,3300,0.5852
SW-B2F-DONG-0109,SW,전단벽,DONG,B2F,421x421,3300,0.5852
SW-B2F-DONG-0110,SW,전단벽,DONG,B2F,600x1000,3300,1.98
SW-B2F-DONG-0111,SW,전단벽,DONG,B2F,463x900,3300,1.3754
SW-B2F-DONG-0112,SW,전단벽,DONG,B2F,400x800,3300,1.056
SW-B2F-DONG-0113,SW,전단벽,DONG,B2F,400x800,3300,1.056
SW-B2F-DONG-0114,SW,전단벽,DONG,B2F,400x800,3300,1.056
SW-B2F-DONG-0115,SW,전단벽,DONG,B2F,400x800,3300,1.056
SW-B2F-DONG-0116,SW,전단벽,DONG,B2F,400x800,3300,1.056
SW-B2F-DONG-0117,SW,전단벽,DONG,B2F,800x400,3300,1.056
SW-B2F-DONG-0118,SW,전단벽,DONG,B2F,800x400,3300,1.056
SW-B2F-DONG-0119,SW,전단벽,DONG,B2F,800x400,3300,1.056
SW-B2F-DONG-0120,SW,전단벽,DONG,B2F,400x800,3300,1.056
SW-B2F-DONG-0121,SW,전단벽,DONG,B2F,600x1200,3300,2.376
SW-B2F-DONG-0122,SW,전단벽,DONG,B2F,600x1000,3300,1.98
SW-B2F-DONG-0123,SW,전단벽,DONG,B2F,600x1200,3300,2.376
SW-B2F-DONG-0124,SW,전단벽,DONG,B2F,600x1000,3300,1.98
SW-B2F-DONG-0125,SW,전단벽,DONG,B2F,500x700,3300,1.155
SW-B2F-DONG-0126,SW,전단벽,DONG,B2F,581x873,3300,1.6757
SW-B2F-DONG-0127,SW,전단벽,DONG,B2F,800x400,3300,1.056
SW-B2F-DONG-0128,SW,전단벽,DONG,B2F,873x581,3300,1.6757
SW-B2F-DONG-0129,SW,전단벽,DONG,B2F,581x873,3300,1.6757
SW-B2F-DONG-0130,SW,전단벽,DONG,B2F,581x873,3300,1.6757
SW-B2F-DONG-0131,SW,전단벽,DONG,B2F,581x873,3300,1.6757
SW-B2F-DONG-0132,SW,전단벽,DONG,B2F,1264x1683,3300,7.0251
SW-B2F-DONG-0133,SW,전단벽,DONG,B2F,600x2000,3300,3.96
SW-B2F-DONG-0134,SW,전단벽,DONG,B2F,872x1309,3300,3.7703
SW-B2F-DONG-0135,SW,전단벽,DONG,B2F,800x400,3300,1.056
SW-B2F-DONG-0136,SW,전단벽,DONG,B2F,400x800,3300,1.056
SW-B2F-DONG-0137,SW,전단벽,DONG,B2F,600x2000,3300,3.96
SW-B2F-DONG-0138,SW,전단벽,DONG,B2F,851x1581,3300,4.4429
SW-B2F-DONG-0139,SW,전단벽,DONG,B2F,776x613,3300,1.5726
SW-B2F-DONG-0140,SW,전단벽,DONG,B2F,600x1000,3300,1.98
SW-B2F-DONG-0141,SW,전단벽,DONG,B2F,400x800,3300,1.056
SW-B2F-DONG-0142,SW,전단벽,DONG,B2F,400x800,3300,1.056
SW-B2F-DONG-0143,SW,전단벽,DONG,B2F,400x800,3300,1.056
SW-B2F-DONG-0144,SW,전단벽,DONG,B2F,400x800,3300,1.056
SW-B2F-DONG-0145,SW,전단벽,DONG,B2F,400x800,3300,1.056
SW-B2F-DONG-0146,SW,전단벽,DONG,B2F,857x532,3300,1.5075
SW-B2F-DONG-0147,SW,전단벽,DONG,B2F,857x532,3300,1.5075
SW-B2F-DONG-0148,SW,전단벽,DONG,B2F,532x857,3300,1.5075
SW-B2F-DONG-0149,SW,전단벽,DONG,B2F,532x857,3300,1.5075
SW-B2F-DONG-0150,SW,전단벽,DONG,B2F,400x800,3300,1.056
SW-B2F-DONG-0151,SW,전단벽,DONG,B2F,400x800,3300,1.056
SW-B2F-DONG-0152,SW,전단벽,DONG,B2F,581x873,3300,1.6757
SW-B2F-DONG-0153,SW,전단벽,DONG,B2F,581x873,3300,1.6757
SW-B2F-DONG-0154,SW,전단벽,DONG,B2F,581x873,3300,1.6757
SW-B2F-DONG-0155,SW,전단벽,DONG,B2F,400x800,3300,1.056
SW-B2F-DONG-0156,SW,전단벽,DONG,B2F,400x800,3300,1.056
SW-B2F-DONG-0157,SW,전단벽,DONG,B2F,400x800,3300,1.056
SW-B2F-DONG-0158,SW,전단벽,DONG,B2F,400x800,3300,1.056
SW-B2F-DONG-0159,SW,전단벽,DONG,B2F,400x800,3300,1.056
SW-B2F-DONG-0160,SW,전단벽,DONG,B2F,400x800,3300,1.056
SW-B2F-DONG-0161,SW,전단벽,DONG,B2F,400x800,3300,1.056
SW-B2F-DONG-0162,SW,전단벽,DONG,B2F,581x873,3300,1.6757
SW-B2F-DONG-0163,SW,전단벽,DONG,B2F,532x857,3300,1.5075
SW-B2F-DONG-0164,SW,전단벽,DONG,B2F,905x1144,3300,3.4224
SW-B2F-DONG-0165,SW,전단벽,DONG,B2F,600x2400,3300,4.752
SW-B2F-DONG-0166,SW,전단벽,DONG,B2F,600x2500,3300,4.95
RB20-B2F-DONG-0001,RB20,보(X),DONG,B2F,400x900,2800,1.008
RB20-B2F-DONG-0002,RB20,보(X),DONG,B2F,400x900,1500,0.54
RB20-B2F-DONG-0003,RB20,보(X),DONG,B2F,400x900,4879,1.7564
RB20-B2F-DONG-0004,RB20,보(X),DONG,B2F,400x900,400,0.144
RB20-B2F-DONG-0005,RB20,보(X),DONG,B2F,400x900,400,0.144
RB20-B2F-DONG-0006,RB20,보(Y),DONG,B2F,400x900,1500,0.54
RB20-B2F-DONG-0007,RB20,보(Y),DONG,B2F,400x900,450,0.162
RB20-B2F-DONG-0008,RB20,보(X),DONG,B2F,400x900,2300,0.828
RB20-B2F-DONG-0009,RB20,보(X),DONG,B2F,400x900,300,0.108
RB20-B2F-DONG-0010,RB20,보(X),DONG,B2F,400x900,3940,1.4184
RB20-B2F-DONG-0011,RB20,보(X),DONG,B2F,400x900,2300,0.828
RB20-B2F-DONG-0012,RB20,보(X),DONG,B2F,400x900,920,0.3312
RB20-B2F-DONG-0013,RB20,보(Y),DONG,B2F,400x900,9600,3.456
RB20-B2F-DONG-0014,RB20,보(X),DONG,B2F,400x900,7800,2.808
RB20-B2F-DONG-0015,RB20,보(Y),DONG,B2F,400x900,800,0.288
RB20-B2F-DONG-0016,RB20,보(Y),DONG,B2F,400x900,800,0.288
RB20-B2F-DONG-0017,RB20,보(Y),DONG,B2F,400x900,800,0.288
C1-B1F-DONG-0001,C1,기둥,DONG,B1F,800x400,5820,1.8624
C1-B1F-DONG-0002,C1,기둥,DONG,B1F,800x400,5820,1.8624
C1-B1F-DONG-0003,C1,기둥,DONG,B1F,400x800,5820,1.8624
C1-B1F-DONG-0004,C1,기둥,DONG,B1F,400x800,5820,1.8624
C1-B1F-DONG-0005,C1,기둥,DONG,B1F,400x800,5820,1.8624
C1-B1F-DONG-0006,C1,기둥,DONG,B1F,400x800,5820,1.8624
C1-B1F-DONG-0007,C1,기둥,DONG,B1F,400x800,5820,1.8624
C1-B1F-DONG-0008,C1,기둥,DONG,B1F,400x800,5820,1.8624
C1-B1F-DONG-0009,C1,기둥,DONG,B1F,400x800,5820,1.8624
C1-B1F-DONG-0010,C1,기둥,DONG,B1F,400x800,5820,1.8624
C1-B1F-DONG-0011,C1,기둥,DONG,B1F,400x800,5820,1.8624
C1-B1F-DONG-0012,C1,기둥,DONG,B1F,400x800,5820,1.8624
C1-B1F-DONG-0013,C1,기둥,DONG,B1F,400x800,5820,1.8624
C1-B1F-DONG-0014,C1,기둥,DONG,B1F,400x800,5820,1.8624
C1-B1F-DONG-0015,C1,기둥,DONG,B1F,400x800,5820,1.8624
C1-B1F-DONG-0016,C1,기둥,DONG,B1F,400x800,5820,1.8624
C1-B1F-DONG-0017,C1,기둥,DONG,B1F,400x800,5820,1.8624
C1-B1F-DONG-0018,C1,기둥,DONG,B1F,800x400,5820,1.8624
C1-B1F-DONG-0019,C1,기둥,DONG,B1F,400x800,5820,1.8624
C1-B1F-DONG-0020,C1,기둥,DONG,B1F,400x800,5820,1.8624
C1-B1F-DONG-0021,C1,기둥,DONG,B1F,400x800,5820,1.8624
C1-B1F-DONG-0022,C1,기둥,DONG,B1F,400x800,5820,1.8624
C1-B1F-DONG-0023,C1,기둥,DONG,B1F,400x800,5820,1.8624
C1-B1F-DONG-0024,C1,기둥,DONG,B1F,400x800,5820,1.8624
C1-B1F-DONG-0025,C1,기둥,DONG,B1F,400x800,5820,1.8624
C1-B1F-DONG-0026,C1,기둥,DONG,B1F,400x800,5820,1.8624
C1-B1F-DONG-0027,C1,기둥,DONG,B1F,400x800,5820,1.8624
C1-B1F-DONG-0028,C1,기둥,DONG,B1F,400x800,5820,1.8624
C1-B1F-DONG-0029,C1,기둥,DONG,B1F,400x800,5820,1.8624
C1-B1F-DONG-0030,C1,기둥,DONG,B1F,400x800,5820,1.8624
C1-B1F-DONG-0031,C1,기둥,DONG,B1F,400x800,5820,1.8624
C1-B1F-DONG-0032,C1,기둥,DONG,B1F,400x800,5820,1.8624
C1-B1F-DONG-0033,C1,기둥,DONG,B1F,400x800,5820,1.8624
C1-B1F-DONG-0034,C1,기둥,DONG,B1F,400x800,5820,1.8624
C1-B1F-DONG-0035,C1,기둥,DONG,B1F,400x800,5820,1.8624
C1-B1F-DONG-0036,C1,기둥,DONG,B1F,800x400,5820,1.8624
C1-B1F-DONG-0037,C1,기둥,DONG,B1F,800x400,5820,1.8624
C1-B1F-DONG-0038,C1,기둥,DONG,B1F,400x800,5820,1.8624
C1-B1F-DONG-0039,C1,기둥,DONG,B1F,400x800,5820,1.8624
C1-B1F-DONG-0040,C1,기둥,DONG,B1F,400x800,5820,1.8624
C1-B1F-DONG-0041,C1,기둥,DONG,B1F,400x800,5820,1.8624
C1-B1F-DONG-0042,C1,기둥,DONG,B1F,400x800,5820,1.8624
C1-B1F-DONG-0043,C1,기둥,DONG,B1F,400x800,5820,1.8624
C1-B1F-DONG-0044,C1,기둥,DONG,B1F,400x800,5820,1.8624
C1-B1F-DONG-0045,C1,기둥,DONG,B1F,400x800,5820,1.8624
C1-B1F-DONG-0046,C1,기둥,DONG,B1F,400x800,5820,1.8624
C1-B1F-DONG-0047,C1,기둥,DONG,B1F,400x800,5820,1.8624
C1-B1F-DONG-0048,C1,기둥,DONG,B1F,400x800,5820,1.8624
C1-B1F-DONG-0049,C1,기둥,DONG,B1F,400x800,5820,1.8624
C1-B1F-DONG-0050,C1,기둥,DONG,B1F,400x800,5820,1.8624
C1-B1F-DONG-0051,C1,기둥,DONG,B1F,400x800,5820,1.8624
C1-B1F-DONG-0052,C1,기둥,DONG,B1F,400x800,5820,1.8624
C1-B1F-DONG-0053,C1,기둥,DONG,B1F,400x800,5820,1.8624
C1-B1F-DONG-0054,C1,기둥,DONG,B1F,400x800,5820,1.8624
C1-B1F-DONG-0055,C1,기둥,DONG,B1F,400x800,5820,1.8624
C1-B1F-DONG-0056,C1,기둥,DONG,B1F,400x800,5820,1.8624
C1-B1F-DONG-0057,C1,기둥,DONG,B1F,400x800,5820,1.8624
C1-B1F-DONG-0058,C1,기둥,DONG,B1F,400x800,5820,1.8624
C1-B1F-DONG-0059,C1,기둥,DONG,B1F,800x400,5820,1.8624
C1-B1F-DONG-0060,C1,기둥,DONG,B1F,800x400,5820,1.8624
C1-B1F-DONG-0061,C1,기둥,DONG,B1F,400x800,5820,1.8624
C1-B1F-DONG-0062,C1,기둥,DONG,B1F,400x800,5820,1.8624
C1-B1F-DONG-0063,C1,기둥,DONG,B1F,400x800,5820,1.8624
C1-B1F-DONG-0064,C1,기둥,DONG,B1F,400x800,5820,1.8624
C1-B1F-DONG-0065,C1,기둥,DONG,B1F,400x800,5820,1.8624
C1-B1F-DONG-0066,C1,기둥,DONG,B1F,400x800,5820,1.8624
C1-B1F-DONG-0067,C1,기둥,DONG,B1F,400x800,5820,1.8624
C1-B1F-DONG-0068,C1,기둥,DONG,B1F,400x800,5820,1.8624
C1-B1F-DONG-0069,C1,기둥,DONG,B1F,800x400,5820,1.8624
C1-B1F-DONG-0070,C1,기둥,DONG,B1F,800x400,5820,1.8624
C1-B1F-DONG-0071,C1,기둥,DONG,B1F,400x800,5820,1.8624
C1-B1F-DONG-0072,C1,기둥,DONG,B1F,800x400,5820,1.8624
C1-B1F-DONG-0073,C1,기둥,DONG,B1F,800x400,5820,1.8624
C1-B1F-DONG-0074,C1,기둥,DONG,B1F,800x400,5820,1.8624
C1-B1F-DONG-0075,C1,기둥,DONG,B1F,800x400,5820,1.8624
C1-B1F-DONG-0076,C1,기둥,DONG,B1F,800x400,5820,1.8624
C1-B1F-DONG-0077,C1,기둥,DONG,B1F,800x400,5820,1.8624
C1-B1F-DONG-0078,C1,기둥,DONG,B1F,400x800,5820,1.8624
C1-B1F-DONG-0079,C1,기둥,DONG,B1F,800x400,5820,1.8624
C1-B1F-DONG-0080,C1,기둥,DONG,B1F,400x800,5820,1.8624
C1-B1F-DONG-0081,C1,기둥,DONG,B1F,800x400,5820,1.8624
C1-B1F-DONG-0082,C1,기둥,DONG,B1F,400x800,5820,1.8624
C1-B1F-DONG-0083,C1,기둥,DONG,B1F,400x800,5820,1.8624
C1-B1F-DONG-0084,C1,기둥,DONG,B1F,400x800,5820,1.8624
C1-B1F-DONG-0085,C1,기둥,DONG,B1F,400x800,5820,1.8624
C1-B1F-DONG-0086,C1,기둥,DONG,B1F,400x800,5820,1.8624
C1-B1F-DONG-0087,C1,기둥,DONG,B1F,400x800,5820,1.8624
C1-B1F-DONG-0088,C1,기둥,DONG,B1F,400x800,5820,1.8624
C1-B1F-DONG-0089,C1,기둥,DONG,B1F,400x800,5820,1.8624
C1-B1F-DONG-0090,C1,기둥,DONG,B1F,400x800,5820,1.8624
C1-B1F-DONG-0091,C1,기둥,DONG,B1F,400x800,5820,1.8624
C1-B1F-DONG-0092,C1,기둥,DONG,B1F,400x800,5820,1.8624
C1-B1F-DONG-0093,C1,기둥,DONG,B1F,400x800,5820,1.8624
C1-B1F-DONG-0094,C1,기둥,DONG,B1F,400x800,5820,1.8624
C1-B1F-DONG-0095,C1,기둥,DONG,B1F,400x800,5820,1.8624
C1-B1F-DONG-0096,C1,기둥,DONG,B1F,400x800,5820,1.8624
C1-B1F-DONG-0097,C1,기둥,DONG,B1F,400x800,5820,1.8624
C1-B1F-DONG-0098,C1,기둥,DONG,B1F,400x800,5820,1.8624
C1-B1F-DONG-0099,C1,기둥,DONG,B1F,400x800,5820,1.8624
C1-B1F-DONG-0100,C1,기둥,DONG,B1F,400x800,5820,1.8624
C1-B1F-DONG-0101,C1,기둥,DONG,B1F,400x800,5820,1.8624
C1-B1F-DONG-0102,C1,기둥,DONG,B1F,400x800,5820,1.8624
C1-B1F-DONG-0103,C1,기둥,DONG,B1F,400x800,5820,1.8624
TC1-B1F-DONG-0001,TC1,기둥,DONG,B1F,600x1500,5820,5.238
TC2-B1F-DONG-0001,TC2,기둥,DONG,B1F,600x1200,5820,4.1904
TC8-B1F-DONG-0001,TC8,기둥,DONG,B1F,600x1800,5820,6.2856
TC2-B1F-DONG-0002,TC2,기둥,DONG,B1F,600x1200,5820,4.1904
TC2-B1F-DONG-0003,TC2,기둥,DONG,B1F,600x1200,5820,4.1904
TC1-B1F-DONG-0002,TC1,기둥,DONG,B1F,600x1500,5820,5.238
TC2-B1F-DONG-0004,TC2,기둥,DONG,B1F,600x1200,5820,4.1904
TC8-B1F-DONG-0002,TC8,기둥,DONG,B1F,600x1800,5820,6.2856
TC75-B1F-DONG-0001,TC75,기둥,DONG,B1F,1100x900,5820,5.7618
TC8-B1F-DONG-0003,TC8,기둥,DONG,B1F,600x1800,5820,6.2856
TC8-B1F-DONG-0004,TC8,기둥,DONG,B1F,600x1800,5820,6.2856
TC8-B1F-DONG-0005,TC8,기둥,DONG,B1F,600x1800,5820,6.2856
TC75-B1F-DONG-0002,TC75,기둥,DONG,B1F,1100x900,5820,5.7618
TC2-B1F-DONG-0005,TC2,기둥,DONG,B1F,600x1200,5820,4.1904
TC2-B1F-DONG-0006,TC2,기둥,DONG,B1F,600x1200,5820,4.1904
TC8-B1F-DONG-0006,TC8,기둥,DONG,B1F,600x1800,5820,6.2856
TC2-B1F-DONG-0007,TC2,기둥,DONG,B1F,600x1200,5820,4.1904
TC2-B1F-DONG-0008,TC2,기둥,DONG,B1F,600x1200,5820,4.1904
TC1-B1F-DONG-0003,TC1,기둥,DONG,B1F,600x1500,5820,5.238
TC1-B1F-DONG-0004,TC1,기둥,DONG,B1F,600x1500,5820,5.238
TC13-B1F-DONG-0001,TC13,기둥,DONG,B1F,1499x800,5820,6.984
TC13-B1F-DONG-0002,TC13,기둥,DONG,B1F,1500x800,5820,6.984
TC13-B1F-DONG-0003,TC13,기둥,DONG,B1F,1500x800,5820,6.984
C1-B1F-DONG-0104,C1,기둥,DONG,B1F,800x400,5820,1.8624
C1-B1F-DONG-0105,C1,기둥,DONG,B1F,400x800,5820,1.8624
C1-B1F-DONG-0106,C1,기둥,DONG,B1F,400x800,5820,1.8624
C1-B1F-DONG-0107,C1,기둥,DONG,B1F,800x400,5820,1.8624
C1-B1F-DONG-0108,C1,기둥,DONG,B1F,400x800,5820,1.8624
C1-B1F-DONG-0109,C1,기둥,DONG,B1F,400x800,5820,1.8624
C1-B1F-DONG-0110,C1,기둥,DONG,B1F,800x400,5820,1.8624
C1-B1F-DONG-0111,C1,기둥,DONG,B1F,400x800,5820,1.8624
C1-B1F-DONG-0112,C1,기둥,DONG,B1F,400x800,5820,1.8624
C1-B1F-DONG-0113,C1,기둥,DONG,B1F,800x400,5820,1.8624
C1-B1F-DONG-0114,C1,기둥,DONG,B1F,400x800,5820,1.8624
C1-B1F-DONG-0115,C1,기둥,DONG,B1F,400x800,5820,1.8624
C1-B1F-DONG-0116,C1,기둥,DONG,B1F,800x400,5820,1.8624
SW-B1F-DONG-0001,SW,전단벽,DONG,B1F,2867x400,5820,6.6802
SW-B1F-DONG-0002,SW,전단벽,DONG,B1F,2867x400,5820,6.6802
SW-B1F-DONG-0003,SW,전단벽,DONG,B1F,658x1096,5820,4.2048
SW-B1F-DONG-0004,SW,전단벽,DONG,B1F,400x800,5820,1.8624
SW-B1F-DONG-0005,SW,전단벽,DONG,B1F,400x800,5820,1.8624
SW-B1F-DONG-0006,SW,전단벽,DONG,B1F,400x800,5820,1.8624
SW-B1F-DONG-0007,SW,전단벽,DONG,B1F,400x800,5820,1.8624
SW-B1F-DONG-0008,SW,전단벽,DONG,B1F,400x800,5820,1.8624
SW-B1F-DONG-0009,SW,전단벽,DONG,B1F,400x800,5820,1.8624
SW-B1F-DONG-0010,SW,전단벽,DONG,B1F,400x800,5820,1.8624
SW-B1F-DONG-0011,SW,전단벽,DONG,B1F,400x800,5820,1.8624
SW-B1F-DONG-0012,SW,전단벽,DONG,B1F,400x800,5820,1.8624
SW-B1F-DONG-0013,SW,전단벽,DONG,B1F,400x800,5820,1.8624
SW-B1F-DONG-0014,SW,전단벽,DONG,B1F,400x800,5820,1.8624
SW-B1F-DONG-0015,SW,전단벽,DONG,B1F,400x800,5820,1.8624
SW-B1F-DONG-0016,SW,전단벽,DONG,B1F,400x800,5820,1.8624
SW-B1F-DONG-0017,SW,전단벽,DONG,B1F,400x800,5820,1.8624
SW-B1F-DONG-0018,SW,전단벽,DONG,B1F,400x800,5820,1.8624
SW-B1F-DONG-0019,SW,전단벽,DONG,B1F,400x800,5820,1.8624
SW-B1F-DONG-0020,SW,전단벽,DONG,B1F,400x900,5820,2.0952
SW-B1F-DONG-0021,SW,전단벽,DONG,B1F,771x888,5820,3.9891
SW-B1F-DONG-0022,SW,전단벽,DONG,B1F,400x800,5820,1.8624
SW-B1F-DONG-0023,SW,전단벽,DONG,B1F,400x800,5820,1.8624
SW-B1F-DONG-0024,SW,전단벽,DONG,B1F,400x800,5820,1.8624
SW-B1F-DONG-0025,SW,전단벽,DONG,B1F,400x800,5820,1.8624
SW-B1F-DONG-0026,SW,전단벽,DONG,B1F,400x800,5820,1.8624
SW-B1F-DONG-0027,SW,전단벽,DONG,B1F,400x800,5820,1.8624
SW-B1F-DONG-0028,SW,전단벽,DONG,B1F,400x800,5820,1.8624
SW-B1F-DONG-0029,SW,전단벽,DONG,B1F,400x800,5820,1.8624
SW-B1F-DONG-0030,SW,전단벽,DONG,B1F,400x800,5820,1.8624
SW-B1F-DONG-0031,SW,전단벽,DONG,B1F,400x800,5820,1.8624
SW-B1F-DONG-0032,SW,전단벽,DONG,B1F,400x800,5820,1.8624
SW-B1F-DONG-0033,SW,전단벽,DONG,B1F,400x800,5820,1.8624
SW-B1F-DONG-0034,SW,전단벽,DONG,B1F,800x400,5820,1.8624
SW-B1F-DONG-0035,SW,전단벽,DONG,B1F,400x800,5820,1.8624
SW-B1F-DONG-0036,SW,전단벽,DONG,B1F,400x800,5820,1.8624
SW-B1F-DONG-0037,SW,전단벽,DONG,B1F,600x1500,5820,5.238
SW-B1F-DONG-0038,SW,전단벽,DONG,B1F,600x1200,5820,4.1904
SW-B1F-DONG-0039,SW,전단벽,DONG,B1F,600x2650,5820,9.2538
SW-B1F-DONG-0040,SW,전단벽,DONG,B1F,600x1300,5820,4.5396
SW-B1F-DONG-0041,SW,전단벽,DONG,B1F,800x1500,5820,6.984
SW-B1F-DONG-0042,SW,전단벽,DONG,B1F,1832x1677,5820,17.8824
SW-B1F-DONG-0043,SW,전단벽,DONG,B1F,600x2850,5820,9.9522
SW-B1F-DONG-0044,SW,전단벽,DONG,B1F,600x1500,5820,5.238
SW-B1F-DONG-0045,SW,전단벽,DONG,B1F,600x1500,5820,5.238
SW-B1F-DONG-0046,SW,전단벽,DONG,B1F,1339x1119,5820,8.7266
SW-B1F-DONG-0047,SW,전단벽,DONG,B1F,1551x1396,5820,12.6075
SW-B1F-DONG-0048,SW,전단벽,DONG,B1F,600x1000,5820,3.492
SW-B1F-DONG-0049,SW,전단벽,DONG,B1F,600x2200,5820,7.6824
SW-B1F-DONG-0050,SW,전단벽,DONG,B1F,1500x1000,5820,8.73
SW-B1F-DONG-0051,SW,전단벽,DONG,B1F,600x1400,5820,4.8888
SW-B1F-DONG-0052,SW,전단벽,DONG,B1F,600x2200,5820,7.6824
SW-B1F-DONG-0053,SW,전단벽,DONG,B1F,600x1400,5820,4.8888
SW-B1F-DONG-0054,SW,전단벽,DONG,B1F,1500x1000,5820,8.73
SW-B1F-DONG-0055,SW,전단벽,DONG,B1F,600x1500,5820,5.238
SW-B1F-DONG-0056,SW,전단벽,DONG,B1F,600x1500,5820,5.238
SW-B1F-DONG-0057,SW,전단벽,DONG,B1F,800x1500,5820,6.984
SW-B1F-DONG-0058,SW,전단벽,DONG,B1F,600x2650,5820,9.2538
SW-B1F-DONG-0059,SW,전단벽,DONG,B1F,600x1200,5820,4.1904
SW-B1F-DONG-0060,SW,전단벽,DONG,B1F,600x1300,5820,4.5396
SW-B1F-DONG-0061,SW,전단벽,DONG,B1F,1832x1677,5820,17.8824
SW-B1F-DONG-0062,SW,전단벽,DONG,B1F,771x888,5820,3.9891
SW-B1F-DONG-0063,SW,전단벽,DONG,B1F,600x1500,5820,5.238
SW-B1F-DONG-0064,SW,전단벽,DONG,B1F,600x2850,5820,9.9522
SW-B1F-DONG-0065,SW,전단벽,DONG,B1F,1339x1119,5820,8.7266
SW-B1F-DONG-0066,SW,전단벽,DONG,B1F,1551x1396,5820,12.6075
SW-B1F-DONG-0067,SW,전단벽,DONG,B1F,600x1000,5820,3.492
SW-B1F-DONG-0068,SW,전단벽,DONG,B1F,3000x3000,5820,52.38
SW-B1F-DONG-0069,SW,전단벽,DONG,B1F,1042x1624,5820,9.8543
SW-B1F-DONG-0070,SW,전단벽,DONG,B1F,600x2000,5820,6.984
SW-B1F-DONG-0071,SW,전단벽,DONG,B1F,1264x1683,5820,12.3898
SW-B1F-DONG-0072,SW,전단벽,DONG,B1F,400x800,5820,1.8624
SW-B1F-DONG-0073,SW,전단벽,DONG,B1F,400x800,5820,1.8624
SW-B1F-DONG-0074,SW,전단벽,DONG,B1F,581x873,5820,2.9553
SW-B1F-DONG-0075,SW,전단벽,DONG,B1F,581x873,5820,2.9553
SW-B1F-DONG-0076,SW,전단벽,DONG,B1F,873x581,5820,2.9553
SW-B1F-DONG-0077,SW,전단벽,DONG,B1F,400x800,5820,1.8624
SW-B1F-DONG-0078,SW,전단벽,DONG,B1F,581x873,5820,2.9553
SW-B1F-DONG-0079,SW,전단벽,DONG,B1F,400x800,5820,1.8624
RB20-B1F-DONG-0001,RB20,보(X),DONG,B1F,400x900,1500,0.54
RB20-B1F-DONG-0002,RB20,보(X),DONG,B1F,400x900,4879,1.7564
RB20-B1F-DONG-0003,RB20,보(Y),DONG,B1F,400x900,1500,0.54
C1-B2F-PKG-0001,C1,기둥,PKG,B2F,400x800,3300,1.056
C1-B2F-PKG-0002,C1,기둥,PKG,B2F,400x800,3300,1.056
C1-B2F-PKG-0003,C1,기둥,PKG,B2F,800x400,3300,1.056
C1-B2F-PKG-0004,C1,기둥,PKG,B2F,800x400,3300,1.056
C1-B2F-PKG-0005,C1,기둥,PKG,B2F,400x800,3300,1.056
C1-B2F-PKG-0006,C1,기둥,PKG,B2F,400x800,3300,1.056
C1-B2F-PKG-0007,C1,기둥,PKG,B2F,400x800,3300,1.056
C1-B2F-PKG-0008,C1,기둥,PKG,B2F,400x800,3300,1.056
C1-B2F-PKG-0009,C1,기둥,PKG,B2F,400x800,3300,1.056
C1-B2F-PKG-0010,C1,기둥,PKG,B2F,400x800,3300,1.056
C1-B2F-PKG-0011,C1,기둥,PKG,B2F,400x800,3300,1.056
C1-B2F-PKG-0012,C1,기둥,PKG,B2F,400x800,3300,1.056
C1-B2F-PKG-0013,C1,기둥,PKG,B2F,400x800,3300,1.056
C1-B2F-PKG-0014,C1,기둥,PKG,B2F,400x800,3300,1.056
C1-B2F-PKG-0015,C1,기둥,PKG,B2F,400x800,3300,1.056
C1-B2F-PKG-0016,C1,기둥,PKG,B2F,400x800,3300,1.056
C1-B2F-PKG-0017,C1,기둥,PKG,B2F,400x800,3300,1.056
C1-B2F-PKG-0018,C1,기둥,PKG,B2F,400x800,3300,1.056
C1-B2F-PKG-0019,C1,기둥,PKG,B2F,400x800,3300,1.056
C1-B2F-PKG-0020,C1,기둥,PKG,B2F,400x800,3300,1.056
C1-B2F-PKG-0021,C1,기둥,PKG,B2F,400x800,3300,1.056
C1-B2F-PKG-0022,C1,기둥,PKG,B2F,400x800,3300,1.056
C1-B2F-PKG-0023,C1,기둥,PKG,B2F,400x800,3300,1.056
C1-B2F-PKG-0024,C1,기둥,PKG,B2F,400x800,3300,1.056
C1-B2F-PKG-0025,C1,기둥,PKG,B2F,400x800,3300,1.056
C1-B2F-PKG-0026,C1,기둥,PKG,B2F,800x400,3300,1.056
C1-B2F-PKG-0027,C1,기둥,PKG,B2F,400x800,3300,1.056
C1-B2F-PKG-0028,C1,기둥,PKG,B2F,400x800,3300,1.056
C1-B2F-PKG-0029,C1,기둥,PKG,B2F,400x800,3300,1.056
C1-B2F-PKG-0030,C1,기둥,PKG,B2F,400x800,3300,1.056
C1-B2F-PKG-0031,C1,기둥,PKG,B2F,400x800,3300,1.056
C1-B2F-PKG-0032,C1,기둥,PKG,B2F,400x800,3300,1.056
C1-B2F-PKG-0033,C1,기둥,PKG,B2F,400x800,3300,1.056
C1-B2F-PKG-0034,C1,기둥,PKG,B2F,400x800,3300,1.056
C1-B2F-PKG-0035,C1,기둥,PKG,B2F,400x800,3300,1.056
C1-B2F-PKG-0036,C1,기둥,PKG,B2F,400x800,3300,1.056
C1-B2F-PKG-0037,C1,기둥,PKG,B2F,400x800,3300,1.056
C1-B2F-PKG-0038,C1,기둥,PKG,B2F,400x800,3300,1.056
C1-B2F-PKG-0039,C1,기둥,PKG,B2F,400x800,3300,1.056
C1-B2F-PKG-0040,C1,기둥,PKG,B2F,400x800,3300,1.056
C1-B2F-PKG-0041,C1,기둥,PKG,B2F,400x800,3300,1.056
C1-B2F-PKG-0042,C1,기둥,PKG,B2F,400x800,3300,1.056
C1-B2F-PKG-0043,C1,기둥,PKG,B2F,400x800,3300,1.056
C1-B2F-PKG-0044,C1,기둥,PKG,B2F,400x800,3300,1.056
C1-B2F-PKG-0045,C1,기둥,PKG,B2F,400x800,3300,1.056
C1-B2F-PKG-0046,C1,기둥,PKG,B2F,400x800,3300,1.056
C1-B2F-PKG-0047,C1,기둥,PKG,B2F,400x800,3300,1.056
C1-B2F-PKG-0048,C1,기둥,PKG,B2F,400x800,3300,1.056
C1-B2F-PKG-0049,C1,기둥,PKG,B2F,800x400,3300,1.056
C1-B2F-PKG-0050,C1,기둥,PKG,B2F,400x800,3300,1.056
C1-B2F-PKG-0051,C1,기둥,PKG,B2F,400x800,3300,1.056
C1-B2F-PKG-0052,C1,기둥,PKG,B2F,400x800,3300,1.056
C1-B2F-PKG-0053,C1,기둥,PKG,B2F,400x800,3300,1.056
C1-B2F-PKG-0054,C1,기둥,PKG,B2F,400x800,3300,1.056
C1-B2F-PKG-0055,C1,기둥,PKG,B2F,400x800,3300,1.056
C1-B2F-PKG-0056,C1,기둥,PKG,B2F,400x800,3300,1.056
C1-B2F-PKG-0057,C1,기둥,PKG,B2F,400x800,3300,1.056
C1-B2F-PKG-0058,C1,기둥,PKG,B2F,400x800,3300,1.056
C1-B2F-PKG-0059,C1,기둥,PKG,B2F,400x800,3300,1.056
C1-B2F-PKG-0060,C1,기둥,PKG,B2F,400x800,3300,1.056
C1-B2F-PKG-0061,C1,기둥,PKG,B2F,400x800,3300,1.056
C1-B2F-PKG-0062,C1,기둥,PKG,B2F,400x800,3300,1.056
C1-B2F-PKG-0063,C1,기둥,PKG,B2F,400x800,3300,1.056
C1-B2F-PKG-0064,C1,기둥,PKG,B2F,400x800,3300,1.056
C1-B2F-PKG-0065,C1,기둥,PKG,B2F,400x800,3300,1.056
C1-B2F-PKG-0066,C1,기둥,PKG,B2F,400x800,3300,1.056
C1-B2F-PKG-0067,C1,기둥,PKG,B2F,400x800,3300,1.056
C1-B2F-PKG-0068,C1,기둥,PKG,B2F,400x800,3300,1.056
C1-B2F-PKG-0069,C1,기둥,PKG,B2F,400x800,3300,1.056
C1-B2F-PKG-0070,C1,기둥,PKG,B2F,400x800,3300,1.056
C1-B2F-PKG-0071,C1,기둥,PKG,B2F,400x800,3300,1.056
C1-B2F-PKG-0072,C1,기둥,PKG,B2F,400x800,3300,1.056
C1-B2F-PKG-0073,C1,기둥,PKG,B2F,400x800,3300,1.056
C1-B2F-PKG-0074,C1,기둥,PKG,B2F,400x800,3300,1.056
C1-B2F-PKG-0075,C1,기둥,PKG,B2F,400x800,3300,1.056
C1-B2F-PKG-0076,C1,기둥,PKG,B2F,400x800,3300,1.056
C1-B2F-PKG-0077,C1,기둥,PKG,B2F,400x800,3300,1.056
C1-B2F-PKG-0078,C1,기둥,PKG,B2F,400x800,3300,1.056
C1-B2F-PKG-0079,C1,기둥,PKG,B2F,400x800,3300,1.056
C1-B2F-PKG-0080,C1,기둥,PKG,B2F,400x800,3300,1.056
C1-B2F-PKG-0081,C1,기둥,PKG,B2F,400x800,3300,1.056
C1-B2F-PKG-0082,C1,기둥,PKG,B2F,400x800,3300,1.056
C1-B2F-PKG-0083,C1,기둥,PKG,B2F,400x800,3300,1.056
C1-B2F-PKG-0084,C1,기둥,PKG,B2F,400x800,3300,1.056
C1-B2F-PKG-0085,C1,기둥,PKG,B2F,400x800,3300,1.056
C1-B2F-PKG-0086,C1,기둥,PKG,B2F,400x800,3300,1.056
C1-B2F-PKG-0087,C1,기둥,PKG,B2F,400x800,3300,1.056
C1-B2F-PKG-0088,C1,기둥,PKG,B2F,400x800,3300,1.056
C1-B2F-PKG-0089,C1,기둥,PKG,B2F,800x400,3300,1.056
C1-B2F-PKG-0090,C1,기둥,PKG,B2F,800x400,3300,1.056
C1-B2F-PKG-0091,C1,기둥,PKG,B2F,400x800,3300,1.056
C1-B2F-PKG-0092,C1,기둥,PKG,B2F,400x800,3300,1.056
C1-B2F-PKG-0093,C1,기둥,PKG,B2F,400x800,3300,1.056
C1-B2F-PKG-0094,C1,기둥,PKG,B2F,400x800,3300,1.056
C1-B2F-PKG-0095,C1,기둥,PKG,B2F,400x800,3300,1.056
C1-B2F-PKG-0096,C1,기둥,PKG,B2F,400x800,3300,1.056
C1-B2F-PKG-0097,C1,기둥,PKG,B2F,400x800,3300,1.056
C1-B2F-PKG-0098,C1,기둥,PKG,B2F,400x800,3300,1.056
C1-B2F-PKG-0099,C1,기둥,PKG,B2F,800x400,3300,1.056
C1-B2F-PKG-0100,C1,기둥,PKG,B2F,800x400,3300,1.056
C1-B2F-PKG-0101,C1,기둥,PKG,B2F,800x400,3300,1.056
C1-B2F-PKG-0102,C1,기둥,PKG,B2F,400x800,3300,1.056
C1-B2F-PKG-0103,C1,기둥,PKG,B2F,800x400,3300,1.056
C1-B2F-PKG-0104,C1,기둥,PKG,B2F,800x400,3300,1.056
C1-B2F-PKG-0105,C1,기둥,PKG,B2F,800x400,3300,1.056
C1-B2F-PKG-0106,C1,기둥,PKG,B2F,800x400,3300,1.056
C1-B2F-PKG-0107,C1,기둥,PKG,B2F,800x400,3300,1.056
C1-B2F-PKG-0108,C1,기둥,PKG,B2F,800x400,3300,1.056
C1-B2F-PKG-0109,C1,기둥,PKG,B2F,400x800,3300,1.056
C1-B2F-PKG-0110,C1,기둥,PKG,B2F,800x400,3300,1.056
C1-B2F-PKG-0111,C1,기둥,PKG,B2F,400x800,3300,1.056
C1-B2F-PKG-0112,C1,기둥,PKG,B2F,800x400,3300,1.056
C1-B2F-PKG-0113,C1,기둥,PKG,B2F,400x800,3300,1.056
C1-B2F-PKG-0114,C1,기둥,PKG,B2F,400x800,3300,1.056
C1-B2F-PKG-0115,C1,기둥,PKG,B2F,400x800,3300,1.056
C1-B2F-PKG-0116,C1,기둥,PKG,B2F,400x800,3300,1.056
C1-B2F-PKG-0117,C1,기둥,PKG,B2F,400x800,3300,1.056
C1-B2F-PKG-0118,C1,기둥,PKG,B2F,400x800,3300,1.056
C1-B2F-PKG-0119,C1,기둥,PKG,B2F,400x800,3300,1.056
C1-B2F-PKG-0120,C1,기둥,PKG,B2F,400x800,3300,1.056
C1-B2F-PKG-0121,C1,기둥,PKG,B2F,800x400,3300,1.056
C1-B2F-PKG-0122,C1,기둥,PKG,B2F,400x800,3300,1.056
C1-B2F-PKG-0123,C1,기둥,PKG,B2F,400x800,3300,1.056
C1-B2F-PKG-0124,C1,기둥,PKG,B2F,400x800,3300,1.056
C1-B2F-PKG-0125,C1,기둥,PKG,B2F,400x800,3300,1.056
C1-B2F-PKG-0126,C1,기둥,PKG,B2F,400x800,3300,1.056
C1-B2F-PKG-0127,C1,기둥,PKG,B2F,400x800,3300,1.056
C1-B2F-PKG-0128,C1,기둥,PKG,B2F,400x800,3300,1.056
C1-B2F-PKG-0129,C1,기둥,PKG,B2F,800x400,3300,1.056
C1-B2F-PKG-0130,C1,기둥,PKG,B2F,800x400,3300,1.056
C1-B2F-PKG-0131,C1,기둥,PKG,B2F,400x800,3300,1.056
C1-B2F-PKG-0132,C1,기둥,PKG,B2F,400x800,3300,1.056
C1-B2F-PKG-0133,C1,기둥,PKG,B2F,400x800,3300,1.056
C1-B2F-PKG-0134,C1,기둥,PKG,B2F,400x800,3300,1.056
C1-B2F-PKG-0135,C1,기둥,PKG,B2F,400x800,3300,1.056
C1-B2F-PKG-0136,C1,기둥,PKG,B2F,400x800,3300,1.056
C1-B2F-PKG-0137,C1,기둥,PKG,B2F,400x800,3300,1.056
C1-B2F-PKG-0138,C1,기둥,PKG,B2F,400x800,3300,1.056
C1-B2F-PKG-0139,C1,기둥,PKG,B2F,400x800,3300,1.056
C1-B2F-PKG-0140,C1,기둥,PKG,B2F,400x800,3300,1.056
C1-B2F-PKG-0141,C1,기둥,PKG,B2F,400x800,3300,1.056
C1-B2F-PKG-0142,C1,기둥,PKG,B2F,400x800,3300,1.056
C1-B2F-PKG-0143,C1,기둥,PKG,B2F,400x800,3300,1.056
C1-B2F-PKG-0144,C1,기둥,PKG,B2F,400x800,3300,1.056
C1-B2F-PKG-0145,C1,기둥,PKG,B2F,400x800,3300,1.056
C1-B2F-PKG-0146,C1,기둥,PKG,B2F,400x800,3300,1.056
C1-B2F-PKG-0147,C1,기둥,PKG,B2F,400x800,3300,1.056
C1-B2F-PKG-0148,C1,기둥,PKG,B2F,400x800,3300,1.056
C1-B2F-PKG-0149,C1,기둥,PKG,B2F,400x800,3300,1.056
TC1-B2F-PKG-0001,TC1,기둥,PKG,B2F,600x1500,3300,2.97
TC2-B2F-PKG-0001,TC2,기둥,PKG,B2F,600x1200,3300,2.376
TC6-B2F-PKG-0001,TC6,기둥,PKG,B2F,600x1300,3300,2.574
TC13-B2F-PKG-0001,TC13,기둥,PKG,B2F,800x1500,3300,3.96
TC1-B2F-PKG-0002,TC1,기둥,PKG,B2F,600x1500,3300,2.97
TC2-B2F-PKG-0002,TC2,기둥,PKG,B2F,600x1200,3300,2.376
TC8-B2F-PKG-0001,TC8,기둥,PKG,B2F,600x1800,3300,3.564
TC2-B2F-PKG-0003,TC2,기둥,PKG,B2F,600x1200,3300,2.376
TC1-B2F-PKG-0003,TC1,기둥,PKG,B2F,600x1500,3300,2.97
TC1-B2F-PKG-0004,TC1,기둥,PKG,B2F,600x1500,3300,2.97
TC2-B2F-PKG-0004,TC2,기둥,PKG,B2F,600x1200,3300,2.376
TC1-B2F-PKG-0005,TC1,기둥,PKG,B2F,600x1500,3300,2.97
TC1-B2F-PKG-0006,TC1,기둥,PKG,B2F,600x1000,3300,1.98
TC2-B2F-PKG-0005,TC2,기둥,PKG,B2F,600x1200,3300,2.376
TC8-B2F-PKG-0002,TC8,기둥,PKG,B2F,600x1800,3300,3.564
TC10-B2F-PKG-0001,TC10,기둥,PKG,B2F,600x1400,3300,2.772
TC75-B2F-PKG-0001,TC75,기둥,PKG,B2F,1100x900,3300,3.267
TC8-B2F-PKG-0003,TC8,기둥,PKG,B2F,600x1800,3300,3.564
SW-B2F-PKG-0001,SW,전단벽,PKG,B2F,400x800,3300,1.056
SW-B2F-PKG-0002,SW,전단벽,PKG,B2F,400x800,3300,1.056
SW-B2F-PKG-0003,SW,전단벽,PKG,B2F,400x800,3300,1.056
SW-B2F-PKG-0004,SW,전단벽,PKG,B2F,400x800,3300,1.056
SW-B2F-PKG-0005,SW,전단벽,PKG,B2F,400x800,3300,1.056
SW-B2F-PKG-0006,SW,전단벽,PKG,B2F,400x800,3300,1.056
SW-B2F-PKG-0007,SW,전단벽,PKG,B2F,400x800,3300,1.056
SW-B2F-PKG-0008,SW,전단벽,PKG,B2F,400x800,3300,1.056
SW-B2F-PKG-0009,SW,전단벽,PKG,B2F,400x800,3300,1.056
SW-B2F-PKG-0010,SW,전단벽,PKG,B2F,400x800,3300,1.056
SW-B2F-PKG-0011,SW,전단벽,PKG,B2F,771x888,3300,2.2619
SW-B2F-PKG-0012,SW,전단벽,PKG,B2F,400x800,3300,1.056
SW-B2F-PKG-0013,SW,전단벽,PKG,B2F,400x800,3300,1.056
SW-B2F-PKG-0014,SW,전단벽,PKG,B2F,400x800,3300,1.056
SW-B2F-PKG-0015,SW,전단벽,PKG,B2F,800x400,3300,1.056
SW-B2F-PKG-0016,SW,전단벽,PKG,B2F,400x800,3300,1.056
SW-B2F-PKG-0017,SW,전단벽,PKG,B2F,400x800,3300,1.056
SW-B2F-PKG-0018,SW,전단벽,PKG,B2F,400x800,3300,1.056
SW-B2F-PKG-0019,SW,전단벽,PKG,B2F,400x800,3300,1.056
SW-B2F-PKG-0020,SW,전단벽,PKG,B2F,400x800,3300,1.056
SW-B2F-PKG-0021,SW,전단벽,PKG,B2F,400x800,3300,1.056
SW-B2F-PKG-0022,SW,전단벽,PKG,B2F,600x2650,3300,5.247
SW-B2F-PKG-0023,SW,전단벽,PKG,B2F,600x2850,3300,5.643
SW-B2F-PKG-0024,SW,전단벽,PKG,B2F,1339x1119,3300,4.9479
SW-B2F-PKG-0025,SW,전단벽,PKG,B2F,600x2200,3300,4.356
C1-B1F-PKG-0001,C1,기둥,PKG,B1F,400x800,4250,1.36
C1-B1F-PKG-0002,C1,기둥,PKG,B1F,400x800,4250,1.36
C1-B1F-PKG-0003,C1,기둥,PKG,B1F,400x800,4250,1.36
C1-B1F-PKG-0004,C1,기둥,PKG,B1F,400x800,4250,1.36
C1-B1F-PKG-0005,C1,기둥,PKG,B1F,400x800,4250,1.36
C1-B1F-PKG-0006,C1,기둥,PKG,B1F,400x800,4250,1.36
C1-B1F-PKG-0007,C1,기둥,PKG,B1F,400x800,4250,1.36
C1-B1F-PKG-0008,C1,기둥,PKG,B1F,400x800,4250,1.36
C1-B1F-PKG-0009,C1,기둥,PKG,B1F,400x800,4250,1.36
C1-B1F-PKG-0010,C1,기둥,PKG,B1F,400x800,4250,1.36
C1-B1F-PKG-0011,C1,기둥,PKG,B1F,400x800,4250,1.36
TC1-B1F-PKG-0001,TC1,기둥,PKG,B1F,600x1500,4250,3.825
TC2-B1F-PKG-0001,TC2,기둥,PKG,B1F,600x1200,4250,3.06
TC6-B1F-PKG-0001,TC6,기둥,PKG,B1F,600x1300,4250,3.315
TC13-B1F-PKG-0001,TC13,기둥,PKG,B1F,800x1500,4250,5.1
TC1-B1F-PKG-0002,TC1,기둥,PKG,B1F,600x1500,4250,3.825
TC2-B1F-PKG-0002,TC2,기둥,PKG,B1F,600x1200,4250,3.06
TC8-B1F-PKG-0001,TC8,기둥,PKG,B1F,600x1800,4250,4.59
TC2-B1F-PKG-0003,TC2,기둥,PKG,B1F,600x1200,4250,3.06
TC1-B1F-PKG-0003,TC1,기둥,PKG,B1F,600x1500,4250,3.825
TC1-B1F-PKG-0004,TC1,기둥,PKG,B1F,600x1500,4250,3.825
TC2-B1F-PKG-0004,TC2,기둥,PKG,B1F,600x1200,4250,3.06
TC1-B1F-PKG-0005,TC1,기둥,PKG,B1F,600x1500,4250,3.825
TC1-B1F-PKG-0006,TC1,기둥,PKG,B1F,600x1000,4250,2.55
TC2-B1F-PKG-0005,TC2,기둥,PKG,B1F,600x1200,4250,3.06
TC75-B1F-PKG-0001,TC75,기둥,PKG,B1F,1100x900,4250,4.2075
SW-B1F-PKG-0001,SW,전단벽,PKG,B1F,581x873,4250,2.1581
SW-B1F-PKG-0002,SW,전단벽,PKG,B1F,581x873,4250,2.1581
SW-B1F-PKG-0003,SW,전단벽,PKG,B1F,400x800,4250,1.36
SW-B1F-PKG-0004,SW,전단벽,PKG,B1F,400x800,4250,1.36
SW-B1F-PKG-0005,SW,전단벽,PKG,B1F,400x800,4250,1.36
SW-B1F-PKG-0006,SW,전단벽,PKG,B1F,873x581,4250,2.1581
SW-B1F-PKG-0007,SW,전단벽,PKG,B1F,581x873,4250,2.1581
SW-B1F-PKG-0008,SW,전단벽,PKG,B1F,581x873,4250,2.1581
SW-B1F-PKG-0009,SW,전단벽,PKG,B1F,873x581,4250,2.1581
SW-B1F-PKG-0010,SW,전단벽,PKG,B1F,581x873,4250,2.1581
SW-B1F-PKG-0011,SW,전단벽,PKG,B1F,873x581,4250,2.1581
SW-B1F-PKG-0012,SW,전단벽,PKG,B1F,800x400,4250,1.36
SW-B1F-PKG-0013,SW,전단벽,PKG,B1F,800x400,4250,1.36
SW-B1F-PKG-0014,SW,전단벽,PKG,B1F,400x800,4250,1.36
SW-B1F-PKG-0015,SW,전단벽,PKG,B1F,400x800,4250,1.36
SW-B1F-PKG-0016,SW,전단벽,PKG,B1F,400x800,4250,1.36
SW-B1F-PKG-0017,SW,전단벽,PKG,B1F,400x800,4250,1.36
SW-B1F-PKG-0018,SW,전단벽,PKG,B1F,400x800,4250,1.36
SW-B1F-PKG-0019,SW,전단벽,PKG,B1F,400x800,4250,1.36
SW-B1F-PKG-0020,SW,전단벽,PKG,B1F,400x800,4250,1.36
SW-B1F-PKG-0021,SW,전단벽,PKG,B1F,400x800,4250,1.36
SW-B1F-PKG-0022,SW,전단벽,PKG,B1F,400x800,4250,1.36
SW-B1F-PKG-0023,SW,전단벽,PKG,B1F,400x800,4250,1.36
SW-B1F-PKG-0024,SW,전단벽,PKG,B1F,400x800,4250,1.36
SW-B1F-PKG-0025,SW,전단벽,PKG,B1F,400x800,4250,1.36
SW-B1F-PKG-0026,SW,전단벽,PKG,B1F,400x800,4250,1.36
SW-B1F-PKG-0027,SW,전단벽,PKG,B1F,400x800,4250,1.36
SW-B1F-PKG-0028,SW,전단벽,PKG,B1F,400x800,4250,1.36
SW-B1F-PKG-0029,SW,전단벽,PKG,B1F,581x873,4250,2.1581
SW-B1F-PKG-0030,SW,전단벽,PKG,B1F,581x873,4250,2.1581
SW-B1F-PKG-0031,SW,전단벽,PKG,B1F,581x873,4250,2.1581
SW-B1F-PKG-0032,SW,전단벽,PKG,B1F,400x800,4250,1.36
SW-B1F-PKG-0033,SW,전단벽,PKG,B1F,400x800,4250,1.36
SW-B1F-PKG-0034,SW,전단벽,PKG,B1F,400x800,4250,1.36
SW-B1F-PKG-0035,SW,전단벽,PKG,B1F,400x800,4250,1.36
SW-B1F-PKG-0036,SW,전단벽,PKG,B1F,400x800,4250,1.36
SW-B1F-PKG-0037,SW,전단벽,PKG,B1F,400x800,4250,1.36
SW-B1F-PKG-0038,SW,전단벽,PKG,B1F,581x873,4250,2.1581
SW-B1F-PKG-0039,SW,전단벽,PKG,B1F,873x581,4250,2.1581
SW-B1F-PKG-0040,SW,전단벽,PKG,B1F,873x581,4250,2.1581
SW-B1F-PKG-0041,SW,전단벽,PKG,B1F,873x581,4250,2.1581
SW-B1F-PKG-0042,SW,전단벽,PKG,B1F,400x800,4250,1.36
SW-B1F-PKG-0043,SW,전단벽,PKG,B1F,700x500,4250,1.4875
SW-B1F-PKG-0044,SW,전단벽,PKG,B1F,771x888,4250,2.913
SW-B1F-PKG-0045,SW,전단벽,PKG,B1F,400x800,4250,1.36
SW-B1F-PKG-0046,SW,전단벽,PKG,B1F,800x400,4250,1.36
SW-B1F-PKG-0047,SW,전단벽,PKG,B1F,400x800,4250,1.36
SW-B1F-PKG-0048,SW,전단벽,PKG,B1F,400x800,4250,1.36
SW-B1F-PKG-0049,SW,전단벽,PKG,B1F,400x800,4250,1.36
SW-B1F-PKG-0050,SW,전단벽,PKG,B1F,400x800,4250,1.36
SW-B1F-PKG-0051,SW,전단벽,PKG,B1F,400x800,4250,1.36
SW-B1F-PKG-0052,SW,전단벽,PKG,B1F,400x800,4250,1.36
SW-B1F-PKG-0053,SW,전단벽,PKG,B1F,400x800,4250,1.36
SW-B1F-PKG-0054,SW,전단벽,PKG,B1F,400x800,4250,1.36
SW-B1F-PKG-0055,SW,전단벽,PKG,B1F,581x873,4250,2.1581
SW-B1F-PKG-0056,SW,전단벽,PKG,B1F,400x800,4250,1.36
SW-B1F-PKG-0057,SW,전단벽,PKG,B1F,400x800,4250,1.36
SW-B1F-PKG-0058,SW,전단벽,PKG,B1F,400x800,4250,1.36
SW-B1F-PKG-0059,SW,전단벽,PKG,B1F,400x800,4250,1.36
SW-B1F-PKG-0060,SW,전단벽,PKG,B1F,400x800,4250,1.36
SW-B1F-PKG-0061,SW,전단벽,PKG,B1F,400x800,4250,1.36
SW-B1F-PKG-0062,SW,전단벽,PKG,B1F,400x800,4250,1.36
SW-B1F-PKG-0063,SW,전단벽,PKG,B1F,400x800,4250,1.36
SW-B1F-PKG-0064,SW,전단벽,PKG,B1F,400x800,4250,1.36
SW-B1F-PKG-0065,SW,전단벽,PKG,B1F,800x400,4250,1.36
SW-B1F-PKG-0066,SW,전단벽,PKG,B1F,800x400,4250,1.36
SW-B1F-PKG-0067,SW,전단벽,PKG,B1F,400x800,4250,1.36
SW-B1F-PKG-0068,SW,전단벽,PKG,B1F,400x800,4250,1.36
SW-B1F-PKG-0069,SW,전단벽,PKG,B1F,400x800,4250,1.36
SW-B1F-PKG-0070,SW,전단벽,PKG,B1F,400x800,4250,1.36
SW-B1F-PKG-0071,SW,전단벽,PKG,B1F,400x800,4250,1.36
SW-B1F-PKG-0072,SW,전단벽,PKG,B1F,400x800,4250,1.36
SW-B1F-PKG-0073,SW,전단벽,PKG,B1F,400x800,4250,1.36
SW-B1F-PKG-0074,SW,전단벽,PKG,B1F,400x800,4250,1.36
SW-B1F-PKG-0075,SW,전단벽,PKG,B1F,400x800,4250,1.36
SW-B1F-PKG-0076,SW,전단벽,PKG,B1F,400x800,4250,1.36
SW-B1F-PKG-0077,SW,전단벽,PKG,B1F,400x800,4250,1.36
SW-B1F-PKG-0078,SW,전단벽,PKG,B1F,400x800,4250,1.36
SW-B1F-PKG-0079,SW,전단벽,PKG,B1F,400x800,4250,1.36
SW-B1F-PKG-0080,SW,전단벽,PKG,B1F,400x800,4250,1.36
SW-B1F-PKG-0081,SW,전단벽,PKG,B1F,400x800,4250,1.36
SW-B1F-PKG-0082,SW,전단벽,PKG,B1F,400x800,4250,1.36
SW-B1F-PKG-0083,SW,전단벽,PKG,B1F,400x800,4250,1.36
SW-B1F-PKG-0084,SW,전단벽,PKG,B1F,400x800,4250,1.36
SW-B1F-PKG-0085,SW,전단벽,PKG,B1F,400x800,4250,1.36
SW-B1F-PKG-0086,SW,전단벽,PKG,B1F,400x800,4250,1.36
SW-B1F-PKG-0087,SW,전단벽,PKG,B1F,400x800,4250,1.36
SW-B1F-PKG-0088,SW,전단벽,PKG,B1F,400x800,4250,1.36
SW-B1F-PKG-0089,SW,전단벽,PKG,B1F,400x800,4250,1.36
SW-B1F-PKG-0090,SW,전단벽,PKG,B1F,400x800,4250,1.36
SW-B1F-PKG-0091,SW,전단벽,PKG,B1F,400x800,4250,1.36
SW-B1F-PKG-0092,SW,전단벽,PKG,B1F,400x800,4250,1.36
SW-B1F-PKG-0093,SW,전단벽,PKG,B1F,400x800,4250,1.36
SW-B1F-PKG-0094,SW,전단벽,PKG,B1F,400x800,4250,1.36
SW-B1F-PKG-0095,SW,전단벽,PKG,B1F,400x800,4250,1.36
SW-B1F-PKG-0096,SW,전단벽,PKG,B1F,400x800,4250,1.36
SW-B1F-PKG-0097,SW,전단벽,PKG,B1F,400x800,4250,1.36
SW-B1F-PKG-0098,SW,전단벽,PKG,B1F,400x800,4250,1.36
SW-B1F-PKG-0099,SW,전단벽,PKG,B1F,400x800,4250,1.36
SW-B1F-PKG-0100,SW,전단벽,PKG,B1F,400x800,4250,1.36
SW-B1F-PKG-0101,SW,전단벽,PKG,B1F,400x800,4250,1.36
SW-B1F-PKG-0102,SW,전단벽,PKG,B1F,400x800,4250,1.36
SW-B1F-PKG-0103,SW,전단벽,PKG,B1F,400x800,4250,1.36
SW-B1F-PKG-0104,SW,전단벽,PKG,B1F,400x800,4250,1.36
SW-B1F-PKG-0105,SW,전단벽,PKG,B1F,400x800,4250,1.36
SW-B1F-PKG-0106,SW,전단벽,PKG,B1F,400x800,4250,1.36
SW-B1F-PKG-0107,SW,전단벽,PKG,B1F,400x800,4250,1.36
SW-B1F-PKG-0108,SW,전단벽,PKG,B1F,400x800,4250,1.36
SW-B1F-PKG-0109,SW,전단벽,PKG,B1F,800x400,4250,1.36
SW-B1F-PKG-0110,SW,전단벽,PKG,B1F,800x400,4250,1.36
SW-B1F-PKG-0111,SW,전단벽,PKG,B1F,400x800,4250,1.36
SW-B1F-PKG-0112,SW,전단벽,PKG,B1F,400x800,4250,1.36
SW-B1F-PKG-0113,SW,전단벽,PKG,B1F,400x800,4250,1.36
SW-B1F-PKG-0114,SW,전단벽,PKG,B1F,400x800,4250,1.36
SW-B1F-PKG-0115,SW,전단벽,PKG,B1F,400x800,4250,1.36
SW-B1F-PKG-0116,SW,전단벽,PKG,B1F,400x800,4250,1.36
SW-B1F-PKG-0117,SW,전단벽,PKG,B1F,400x800,4250,1.36
SW-B1F-PKG-0118,SW,전단벽,PKG,B1F,400x800,4250,1.36
SW-B1F-PKG-0119,SW,전단벽,PKG,B1F,800x400,4250,1.36
SW-B1F-PKG-0120,SW,전단벽,PKG,B1F,800x400,4250,1.36
SW-B1F-PKG-0121,SW,전단벽,PKG,B1F,800x400,4250,1.36
SW-B1F-PKG-0122,SW,전단벽,PKG,B1F,400x800,4250,1.36
SW-B1F-PKG-0123,SW,전단벽,PKG,B1F,800x400,4250,1.36
SW-B1F-PKG-0124,SW,전단벽,PKG,B1F,800x400,4250,1.36
SW-B1F-PKG-0125,SW,전단벽,PKG,B1F,800x400,4250,1.36
SW-B1F-PKG-0126,SW,전단벽,PKG,B1F,800x400,4250,1.36
SW-B1F-PKG-0127,SW,전단벽,PKG,B1F,800x400,4250,1.36
SW-B1F-PKG-0128,SW,전단벽,PKG,B1F,800x400,4250,1.36
SW-B1F-PKG-0129,SW,전단벽,PKG,B1F,400x800,4250,1.36
SW-B1F-PKG-0130,SW,전단벽,PKG,B1F,800x400,4250,1.36
SW-B1F-PKG-0131,SW,전단벽,PKG,B1F,400x800,4250,1.36
SW-B1F-PKG-0132,SW,전단벽,PKG,B1F,800x400,4250,1.36
SW-B1F-PKG-0133,SW,전단벽,PKG,B1F,400x800,4250,1.36
SW-B1F-PKG-0134,SW,전단벽,PKG,B1F,400x800,4250,1.36
SW-B1F-PKG-0135,SW,전단벽,PKG,B1F,400x800,4250,1.36
SW-B1F-PKG-0136,SW,전단벽,PKG,B1F,400x800,4250,1.36
SW-B1F-PKG-0137,SW,전단벽,PKG,B1F,400x800,4250,1.36
SW-B1F-PKG-0138,SW,전단벽,PKG,B1F,400x800,4250,1.36
SW-B1F-PKG-0139,SW,전단벽,PKG,B1F,400x800,4250,1.36
SW-B1F-PKG-0140,SW,전단벽,PKG,B1F,400x800,4250,1.36
SW-B1F-PKG-0141,SW,전단벽,PKG,B1F,800x400,4250,1.36
SW-B1F-PKG-0142,SW,전단벽,PKG,B1F,400x800,4250,1.36
SW-B1F-PKG-0143,SW,전단벽,PKG,B1F,400x800,4250,1.36
SW-B1F-PKG-0144,SW,전단벽,PKG,B1F,400x800,4250,1.36
SW-B1F-PKG-0145,SW,전단벽,PKG,B1F,400x800,4250,1.36
SW-B1F-PKG-0146,SW,전단벽,PKG,B1F,400x800,4250,1.36
SW-B1F-PKG-0147,SW,전단벽,PKG,B1F,400x800,4250,1.36
SW-B1F-PKG-0148,SW,전단벽,PKG,B1F,400x800,4250,1.36
SW-B1F-PKG-0149,SW,전단벽,PKG,B1F,800x400,4250,1.36
SW-B1F-PKG-0150,SW,전단벽,PKG,B1F,800x400,4250,1.36
SW-B1F-PKG-0151,SW,전단벽,PKG,B1F,400x800,4250,1.36
SW-B1F-PKG-0152,SW,전단벽,PKG,B1F,400x800,4250,1.36
SW-B1F-PKG-0153,SW,전단벽,PKG,B1F,400x800,4250,1.36
SW-B1F-PKG-0154,SW,전단벽,PKG,B1F,400x800,4250,1.36
SW-B1F-PKG-0155,SW,전단벽,PKG,B1F,400x800,4250,1.36
SW-B1F-PKG-0156,SW,전단벽,PKG,B1F,400x800,4250,1.36
SW-B1F-PKG-0157,SW,전단벽,PKG,B1F,400x800,4250,1.36
SW-B1F-PKG-0158,SW,전단벽,PKG,B1F,400x800,4250,1.36
SW-B1F-PKG-0159,SW,전단벽,PKG,B1F,400x800,4250,1.36
SW-B1F-PKG-0160,SW,전단벽,PKG,B1F,400x800,4250,1.36
SW-B1F-PKG-0161,SW,전단벽,PKG,B1F,400x800,4250,1.36
SW-B1F-PKG-0162,SW,전단벽,PKG,B1F,400x800,4250,1.36
SW-B1F-PKG-0163,SW,전단벽,PKG,B1F,400x800,4250,1.36
SW-B1F-PKG-0164,SW,전단벽,PKG,B1F,400x800,4250,1.36
SW-B1F-PKG-0165,SW,전단벽,PKG,B1F,400x800,4250,1.36
SW-B1F-PKG-0166,SW,전단벽,PKG,B1F,400x800,4250,1.36
SW-B1F-PKG-0167,SW,전단벽,PKG,B1F,400x800,4250,1.36
SW-B1F-PKG-0168,SW,전단벽,PKG,B1F,581x873,4250,2.1581
SW-B1F-PKG-0169,SW,전단벽,PKG,B1F,581x873,4250,2.1581
SW-B1F-PKG-0170,SW,전단벽,PKG,B1F,581x873,4250,2.1581
SW-B1F-PKG-0171,SW,전단벽,PKG,B1F,873x581,4250,2.1581
SW-B1F-PKG-0172,SW,전단벽,PKG,B1F,581x873,4250,2.1581
SW-B1F-PKG-0173,SW,전단벽,PKG,B1F,873x581,4250,2.1581
SW-B1F-PKG-0174,SW,전단벽,PKG,B1F,873x581,4250,2.1581
SW-B1F-PKG-0175,SW,전단벽,PKG,B1F,873x581,4250,2.1581
SW-B1F-PKG-0176,SW,전단벽,PKG,B1F,873x581,4250,2.1581
SW-B1F-PKG-0177,SW,전단벽,PKG,B1F,600x2650,4250,6.7575
SW-B1F-PKG-0178,SW,전단벽,PKG,B1F,600x2850,4250,7.2675
RB20-B1F-PKG-0001,RB20,보(Y),PKG,B1F,400x900,800,0.288
RB20-B1F-PKG-0002,RB20,보(Y),PKG,B1F,400x900,800,0.288
1100X900-B2F-DONG-0001,1100X900,보(X),DONG,B2F,1100x900,8000,7.92
400X900_EST-B2F-DONG-0001,400X900_EST,보(X),DONG,B2F,400x900,7800,2.808
900X900-B2F-DONG-0001,900X900,보(X),DONG,B2F,900x900,8002,6.482
400X900_EST-B2F-DONG-0002,400X900_EST,보(X),DONG,B2F,400x900,7600,2.736
500X600-B2F-DONG-0001,500X600,보(X),DONG,B2F,500x600,8000,2.4
500X600-B2F-DONG-0002,500X600,보(X),DONG,B2F,500x600,8002,2.4007
600X900-B2F-DONG-0001,600X900,보(X),DONG,B2F,600x900,5700,3.078
400X800-B2F-DONG-0001,400X800,보(X),DONG,B2F,400x800,7700,2.464
400X800-B2F-DONG-0002,400X800,보(X),DONG,B2F,400x800,5700,1.824
400X800-B2F-DONG-0003,400X800,보(X),DONG,B2F,400x800,8200,2.624
400X800-B2F-DONG-0004,400X800,보(X),DONG,B2F,400x800,7703,2.4648
400X800-B2F-DONG-0005,400X800,보(X),DONG,B2F,400x800,5700,1.824
400X800-B2F-DONG-0006,400X800,보(X),DONG,B2F,400x800,8200,2.624
400X800-B2F-DONG-0007,400X800,보(X),DONG,B2F,400x800,4800,1.536
400X800-B2F-DONG-0008,400X800,보(X),DONG,B2F,400x800,8200,2.624
800X1500-B2F-DONG-0001,800X1500,보(X),DONG,B2F,800x1500,8708,10.4494
400X800-B2F-DONG-0009,400X800,보(X),DONG,B2F,400x800,5700,1.824
400X800-B2F-DONG-0010,400X800,보(X),DONG,B2F,400x800,6100,1.952
700X600-B2F-DONG-0001,700X600,보(X),DONG,B2F,700x600,5700,2.394
400X800-B2F-DONG-0011,400X800,보(X),DONG,B2F,400x800,8200,2.624
400X800-B2F-DONG-0012,400X800,보(X),DONG,B2F,400x800,7701,2.4642
400X800-B2F-DONG-0013,400X800,보(X),DONG,B2F,400x800,5700,1.824
400X800-B2F-DONG-0014,400X800,보(X),DONG,B2F,400x800,8200,2.624
400X800-B2F-DONG-0015,400X800,보(X),DONG,B2F,400x800,5750,1.84
400X800-B2F-DONG-0016,400X800,보(X),DONG,B2F,400x800,8200,2.624
400X800-B2F-DONG-0017,400X800,보(X),DONG,B2F,400x800,7706,2.4659
400X800-B2F-DONG-0018,400X800,보(X),DONG,B2F,400x800,8200,2.624
900X900-B2F-DONG-0002,900X900,보(X),DONG,B2F,900x900,8200,6.642
900X900-B2F-DONG-0003,900X900,보(X),DONG,B2F,900x900,7401,5.9945
500X600-B2F-DONG-0003,500X600,보(X),DONG,B2F,500x600,5700,1.71
900X900-B2F-DONG-0004,900X900,보(X),DONG,B2F,900x900,5700,4.617
900X900-B2F-DONG-0005,900X900,보(X),DONG,B2F,900x900,8200,6.642
900X900-B2F-DONG-0006,900X900,보(X),DONG,B2F,900x900,8200,6.642
400X800-B2F-DONG-0019,400X800,보(X),DONG,B2F,400x800,8200,2.624
800X2100-B2F-DONG-0001,800X2100,보(X),DONG,B2F,800x2100,7700,12.936
600X1500-B2F-DONG-0001,600X1500,보(X),DONG,B2F,600x1500,8200,7.38
700X600-B2F-DONG-0002,700X600,보(X),DONG,B2F,700x600,8716,3.6605
500X600-B2F-DONG-0004,500X600,보(X),DONG,B2F,500x600,5700,1.71
400X800-B2F-DONG-0020,400X800,보(X),DONG,B2F,400x800,8200,2.624
400X800-B2F-DONG-0021,400X800,보(X),DONG,B2F,400x800,8200,2.624
500X600-B2F-DONG-0005,500X600,보(X),DONG,B2F,500x600,8100,2.43
500X600-B2F-DONG-0006,500X600,보(Y),DONG,B2F,500x600,5794,1.7381
400X800-B2F-DONG-0022,400X800,보(Y),DONG,B2F,400x800,8200,2.624
400X800-B2F-DONG-0023,400X800,보(Y),DONG,B2F,400x800,8702,2.7847
1100X900-B2F-DONG-0002,1100X900,보(Y),DONG,B2F,1100x900,2986,2.9566
500X900-B2F-DONG-0001,500X900,보(Y),DONG,B2F,500x900,5833,2.6248
400X800-B2F-DONG-0024,400X800,보(Y),DONG,B2F,400x800,2708,0.8666
500X600-B2F-DONG-0007,500X600,보(Y),DONG,B2F,500x600,4373,1.3118
500X600-B2F-DONG-0008,500X600,보(Y),DONG,B2F,500x600,4048,1.2144
1500X800-B2F-DONG-0001,1500X800,보(Y),DONG,B2F,1500x800,8002,9.6026
400X800-B2F-DONG-0025,400X800,보(Y),DONG,B2F,400x800,5098,1.6313
400X800-B2F-DONG-0026,400X800,보(Y),DONG,B2F,400x800,8200,2.624
900X900-B2F-DONG-0007,900X900,보(Y),DONG,B2F,900x900,4800,3.888
600X1400-B2F-DONG-0001,600X1400,보(Y),DONG,B2F,600x1400,4095,3.4398
900X900-B2F-DONG-0008,900X900,보(Y),DONG,B2F,900x900,8600,6.966
900X900-B2F-DONG-0009,900X900,보(Y),DONG,B2F,900x900,8445,6.8407
400X800-B2F-DONG-0027,400X800,보(Y),DONG,B2F,400x800,8200,2.624
400X800-B2F-DONG-0028,400X800,보(Y),DONG,B2F,400x800,5000,1.6
400X800-B2F-DONG-0029,400X800,보(Y),DONG,B2F,400x800,8600,2.752
400X800-B2F-DONG-0030,400X800,보(Y),DONG,B2F,400x800,8400,2.688
400X800-B2F-DONG-0031,400X800,보(Y),DONG,B2F,400x800,8700,2.784
500X600-B2F-DONG-0009,500X600,보(Y),DONG,B2F,500x600,4800,1.44
400X800-B2F-DONG-0032,400X800,보(Y),DONG,B2F,400x800,8100,2.592
400X800-B2F-DONG-0033,400X800,보(Y),DONG,B2F,400x800,4200,1.344
400X800-B2F-DONG-0034,400X800,보(Y),DONG,B2F,400x800,4150,1.328
900X900-B2F-DONG-0010,900X900,보(Y),DONG,B2F,900x900,9456,7.6598
400X800-B2F-DONG-0035,400X800,보(Y),DONG,B2F,400x800,8200,2.624
400X800-B2F-DONG-0036,400X800,보(Y),DONG,B2F,400x800,5000,1.6
900X900-B2F-DONG-0011,900X900,보(Y),DONG,B2F,900x900,8180,6.6258
400X800-B2F-DONG-0037,400X800,보(Y),DONG,B2F,400x800,8200,2.624
400X800-B2F-DONG-0038,400X800,보(Y),DONG,B2F,400x800,5000,1.6
400X800-B2F-DONG-0039,400X800,보(Y),DONG,B2F,400x800,8600,2.752
400X800-B2F-DONG-0040,400X800,보(Y),DONG,B2F,400x800,8400,2.688
400X800-B2F-DONG-0041,400X800,보(Y),DONG,B2F,400x800,8700,2.784
500X900-B2F-DONG-0002,500X900,보(Y),DONG,B2F,500x900,4800,2.16
400X800-B2F-DONG-0042,400X800,보(Y),DONG,B2F,400x800,5100,1.632
400X800-B2F-DONG-0043,400X800,보(Y),DONG,B2F,400x800,8400,2.688
400X800-B2F-DONG-0044,400X800,보(Y),DONG,B2F,400x800,8500,2.72
400X800-B2F-DONG-0045,400X800,보(Y),DONG,B2F,400x800,4121,1.3186
600X1800-B2F-DONG-0001,600X1800,보(Y),DONG,B2F,600x1800,4736,5.1149
700X600-B2F-DONG-0003,700X600,보(Y),DONG,B2F,700x600,4800,2.016
400X800-B2F-DONG-0046,400X800,보(Y),DONG,B2F,400x800,8100,2.592
400X800-B2F-DONG-0047,400X800,보(Y),DONG,B2F,400x800,4200,1.344
400X800-B2F-DONG-0048,400X800,보(Y),DONG,B2F,400x800,4150,1.328
400X800-B2F-DONG-0049,400X800,보(Y),DONG,B2F,400x800,8200,2.624
400X800-B2F-DONG-0050,400X800,보(Y),DONG,B2F,400x800,5000,1.6
400X800-B2F-DONG-0051,400X800,보(Y),DONG,B2F,400x800,8602,2.7527
400X800-B2F-DONG-0052,400X800,보(Y),DONG,B2F,400x800,5105,1.6336
400X800-B2F-DONG-0053,400X800,보(Y),DONG,B2F,400x800,8202,2.6247
400X800-B2F-DONG-0054,400X800,보(Y),DONG,B2F,400x800,8700,2.784
400X800-B2F-DONG-0055,400X800,보(Y),DONG,B2F,400x800,8700,2.784
400X800-B2F-DONG-0056,400X800,보(Y),DONG,B2F,400x800,5000,1.6
400X900_EST-B2F-DONG-0003,400X900_EST,보(Y),DONG,B2F,400x900,4205,1.5137
400X900_EST-B2F-DONG-0004,400X900_EST,보(Y),DONG,B2F,400x900,8202,2.9528
400X900_EST-B2F-DONG-0005,400X900_EST,보(Y),DONG,B2F,400x900,8700,3.132
400X900_EST-B2F-DONG-0006,400X900_EST,보(Y),DONG,B2F,400x900,8700,3.132
400X900_EST-B2F-DONG-0007,400X900_EST,보(Y),DONG,B2F,400x900,5000,1.8
400X800-B2F-DONG-0057,400X800,보(Y),DONG,B2F,400x800,4800,1.536
400X800-B2F-DONG-0058,400X800,보(Y),DONG,B2F,400x800,8200,2.624
400X800-B2F-DONG-0059,400X800,보(Y),DONG,B2F,400x800,8700,2.784
400X800-B2F-DONG-0060,400X800,보(Y),DONG,B2F,400x800,8700,2.784
400X800-B2F-DONG-0061,400X800,보(Y),DONG,B2F,400x800,4800,1.536
400X800-B2F-DONG-0062,400X800,보(Y),DONG,B2F,400x800,8200,2.624
400X800-B2F-DONG-0063,400X800,보(Y),DONG,B2F,400x800,8700,2.784
400X800-B2F-DONG-0064,400X800,보(Y),DONG,B2F,400x800,8700,2.784
600X1200-B2F-DONG-0001,600X1200,보(Y),DONG,B2F,600x1200,4013,2.8893
400X800-B2F-DONG-0065,400X800,보(Y),DONG,B2F,400x800,4798,1.5353
400X800-B2F-DONG-0066,400X800,보(Y),DONG,B2F,400x800,8202,2.6247
400X800-B2F-DONG-0067,400X800,보(Y),DONG,B2F,400x800,8700,2.784
400X800-B2F-DONG-0068,400X800,보(Y),DONG,B2F,400x800,8700,2.784
400X800-B2F-DONG-0069,400X800,보(Y),DONG,B2F,400x800,8202,2.6247
400X800-B2F-DONG-0070,400X800,보(Y),DONG,B2F,400x800,8700,2.784
400X800-B2F-DONG-0071,400X800,보(Y),DONG,B2F,400x800,8700,2.784
600X900-B2F-DONG-0002,600X900,보(Y),DONG,B2F,600x900,4900,2.646
500X900-B2F-DONG-0003,500X900,보(Y),DONG,B2F,500x900,8400,3.78
500X900-B2F-DONG-0004,500X900,보(Y),DONG,B2F,500x900,4900,2.205
500X900-B2F-DONG-0005,500X900,보(Y),DONG,B2F,500x900,8400,3.78
500X900-B2F-DONG-0006,500X900,보(Y),DONG,B2F,500x900,4300,1.935
500X900-B2F-DONG-0007,500X900,보(Y),DONG,B2F,500x900,4900,2.205
700X900-B2F-DONG-0001,700X900,보(Y),DONG,B2F,700x900,8400,5.292
900X900-B2F-DONG-0012,900X900,보(Y),DONG,B2F,900x900,4300,3.483
600X900-B2F-DONG-0003,600X900,보(Y),DONG,B2F,600x900,4900,2.646
500X900-B2F-DONG-0008,500X900,보(Y),DONG,B2F,500x900,8400,3.78
500X900-B2F-DONG-0009,500X900,보(Y),DONG,B2F,500x900,4300,1.935
1100X900-B1F-DONG-0003,1100X900,보(X),DONG,B1F,1100x900,8000,7.92
400X900_EST-B1F-DONG-0008,400X900_EST,보(X),DONG,B1F,400x900,7800,2.808
900X900-B1F-DONG-0013,900X900,보(X),DONG,B1F,900x900,8002,6.482
400X900_EST-B1F-DONG-0009,400X900_EST,보(X),DONG,B1F,400x900,7600,2.736
500X600-B1F-DONG-0010,500X600,보(X),DONG,B1F,500x600,8000,2.4
500X600-B1F-DONG-0011,500X600,보(X),DONG,B1F,500x600,8002,2.4007
600X900-B1F-DONG-0004,600X900,보(X),DONG,B1F,600x900,5700,3.078
400X800-B1F-DONG-0072,400X800,보(X),DONG,B1F,400x800,7700,2.464
400X800-B1F-DONG-0073,400X800,보(X),DONG,B1F,400x800,5700,1.824
400X800-B1F-DONG-0074,400X800,보(X),DONG,B1F,400x800,8200,2.624
400X800-B1F-DONG-0075,400X800,보(X),DONG,B1F,400x800,7703,2.4648
400X800-B1F-DONG-0076,400X800,보(X),DONG,B1F,400x800,5700,1.824
400X800-B1F-DONG-0077,400X800,보(X),DONG,B1F,400x800,8200,2.624
400X800-B1F-DONG-0078,400X800,보(X),DONG,B1F,400x800,4800,1.536
400X800-B1F-DONG-0079,400X800,보(X),DONG,B1F,400x800,8200,2.624
800X1500-B1F-DONG-0002,800X1500,보(X),DONG,B1F,800x1500,8708,10.4494
400X800-B1F-DONG-0080,400X800,보(X),DONG,B1F,400x800,5700,1.824
400X800-B1F-DONG-0081,400X800,보(X),DONG,B1F,400x800,6100,1.952
700X600-B1F-DONG-0004,700X600,보(X),DONG,B1F,700x600,5700,2.394
400X800-B1F-DONG-0082,400X800,보(X),DONG,B1F,400x800,8200,2.624
400X800-B1F-DONG-0083,400X800,보(X),DONG,B1F,400x800,7701,2.4642
400X800-B1F-DONG-0084,400X800,보(X),DONG,B1F,400x800,5700,1.824
400X800-B1F-DONG-0085,400X800,보(X),DONG,B1F,400x800,8200,2.624
400X800-B1F-DONG-0086,400X800,보(X),DONG,B1F,400x800,5750,1.84
400X800-B1F-DONG-0087,400X800,보(X),DONG,B1F,400x800,8200,2.624
400X800-B1F-DONG-0088,400X800,보(X),DONG,B1F,400x800,7706,2.4659
400X800-B1F-DONG-0089,400X800,보(X),DONG,B1F,400x800,8200,2.624
900X900-B1F-DONG-0014,900X900,보(X),DONG,B1F,900x900,8200,6.642
900X900-B1F-DONG-0015,900X900,보(X),DONG,B1F,900x900,7401,5.9945
500X600-B1F-DONG-0012,500X600,보(X),DONG,B1F,500x600,5700,1.71
900X900-B1F-DONG-0016,900X900,보(X),DONG,B1F,900x900,5700,4.617
900X900-B1F-DONG-0017,900X900,보(X),DONG,B1F,900x900,8200,6.642
900X900-B1F-DONG-0018,900X900,보(X),DONG,B1F,900x900,8200,6.642
400X800-B1F-DONG-0090,400X800,보(X),DONG,B1F,400x800,8200,2.624
800X2100-B1F-DONG-0002,800X2100,보(X),DONG,B1F,800x2100,7700,12.936
600X1500-B1F-DONG-0002,600X1500,보(X),DONG,B1F,600x1500,8200,7.38
700X600-B1F-DONG-0005,700X600,보(X),DONG,B1F,700x600,8716,3.6605
500X600-B1F-DONG-0013,500X600,보(X),DONG,B1F,500x600,5700,1.71
400X800-B1F-DONG-0091,400X800,보(X),DONG,B1F,400x800,8200,2.624
400X800-B1F-DONG-0092,400X800,보(X),DONG,B1F,400x800,8200,2.624
500X600-B1F-DONG-0014,500X600,보(X),DONG,B1F,500x600,8100,2.43
500X600-B1F-DONG-0015,500X600,보(Y),DONG,B1F,500x600,5794,1.7381
400X800-B1F-DONG-0093,400X800,보(Y),DONG,B1F,400x800,8200,2.624
400X800-B1F-DONG-0094,400X800,보(Y),DONG,B1F,400x800,8702,2.7847
1100X900-B1F-DONG-0004,1100X900,보(Y),DONG,B1F,1100x900,2986,2.9566
500X900-B1F-DONG-0010,500X900,보(Y),DONG,B1F,500x900,5833,2.6248
400X800-B1F-DONG-0095,400X800,보(Y),DONG,B1F,400x800,2708,0.8666
500X600-B1F-DONG-0016,500X600,보(Y),DONG,B1F,500x600,4373,1.3118
500X600-B1F-DONG-0017,500X600,보(Y),DONG,B1F,500x600,4048,1.2144
1500X800-B1F-DONG-0002,1500X800,보(Y),DONG,B1F,1500x800,8002,9.6026
400X800-B1F-DONG-0096,400X800,보(Y),DONG,B1F,400x800,5098,1.6313
400X800-B1F-DONG-0097,400X800,보(Y),DONG,B1F,400x800,8200,2.624
900X900-B1F-DONG-0019,900X900,보(Y),DONG,B1F,900x900,4800,3.888
600X1400-B1F-DONG-0002,600X1400,보(Y),DONG,B1F,600x1400,4095,3.4398
900X900-B1F-DONG-0020,900X900,보(Y),DONG,B1F,900x900,8600,6.966
900X900-B1F-DONG-0021,900X900,보(Y),DONG,B1F,900x900,8445,6.8407
400X800-B1F-DONG-0098,400X800,보(Y),DONG,B1F,400x800,8200,2.624
400X800-B1F-DONG-0099,400X800,보(Y),DONG,B1F,400x800,5000,1.6
400X800-B1F-DONG-0100,400X800,보(Y),DONG,B1F,400x800,8600,2.752
400X800-B1F-DONG-0101,400X800,보(Y),DONG,B1F,400x800,8400,2.688
400X800-B1F-DONG-0102,400X800,보(Y),DONG,B1F,400x800,8700,2.784
500X600-B1F-DONG-0018,500X600,보(Y),DONG,B1F,500x600,4800,1.44
400X800-B1F-DONG-0103,400X800,보(Y),DONG,B1F,400x800,8100,2.592
400X800-B1F-DONG-0104,400X800,보(Y),DONG,B1F,400x800,4200,1.344
400X800-B1F-DONG-0105,400X800,보(Y),DONG,B1F,400x800,4150,1.328
900X900-B1F-DONG-0022,900X900,보(Y),DONG,B1F,900x900,9456,7.6598
400X800-B1F-DONG-0106,400X800,보(Y),DONG,B1F,400x800,8200,2.624
400X800-B1F-DONG-0107,400X800,보(Y),DONG,B1F,400x800,5000,1.6
900X900-B1F-DONG-0023,900X900,보(Y),DONG,B1F,900x900,8180,6.6258
400X800-B1F-DONG-0108,400X800,보(Y),DONG,B1F,400x800,8200,2.624
400X800-B1F-DONG-0109,400X800,보(Y),DONG,B1F,400x800,5000,1.6
400X800-B1F-DONG-0110,400X800,보(Y),DONG,B1F,400x800,8600,2.752
400X800-B1F-DONG-0111,400X800,보(Y),DONG,B1F,400x800,8400,2.688
400X800-B1F-DONG-0112,400X800,보(Y),DONG,B1F,400x800,8700,2.784
500X900-B1F-DONG-0011,500X900,보(Y),DONG,B1F,500x900,4800,2.16
400X800-B1F-DONG-0113,400X800,보(Y),DONG,B1F,400x800,5100,1.632
400X800-B1F-DONG-0114,400X800,보(Y),DONG,B1F,400x800,8400,2.688
400X800-B1F-DONG-0115,400X800,보(Y),DONG,B1F,400x800,8500,2.72
400X800-B1F-DONG-0116,400X800,보(Y),DONG,B1F,400x800,4121,1.3186
600X1800-B1F-DONG-0002,600X1800,보(Y),DONG,B1F,600x1800,4736,5.1149
700X600-B1F-DONG-0006,700X600,보(Y),DONG,B1F,700x600,4800,2.016
400X800-B1F-DONG-0117,400X800,보(Y),DONG,B1F,400x800,8100,2.592
400X800-B1F-DONG-0118,400X800,보(Y),DONG,B1F,400x800,4200,1.344
400X800-B1F-DONG-0119,400X800,보(Y),DONG,B1F,400x800,4150,1.328
400X800-B1F-DONG-0120,400X800,보(Y),DONG,B1F,400x800,8200,2.624
400X800-B1F-DONG-0121,400X800,보(Y),DONG,B1F,400x800,5000,1.6
400X800-B1F-DONG-0122,400X800,보(Y),DONG,B1F,400x800,8602,2.7527
400X800-B1F-DONG-0123,400X800,보(Y),DONG,B1F,400x800,5105,1.6336
400X800-B1F-DONG-0124,400X800,보(Y),DONG,B1F,400x800,8202,2.6247
400X800-B1F-DONG-0125,400X800,보(Y),DONG,B1F,400x800,8700,2.784
400X800-B1F-DONG-0126,400X800,보(Y),DONG,B1F,400x800,8700,2.784
400X800-B1F-DONG-0127,400X800,보(Y),DONG,B1F,400x800,5000,1.6
400X900_EST-B1F-DONG-0010,400X900_EST,보(Y),DONG,B1F,400x900,4205,1.5137
400X900_EST-B1F-DONG-0011,400X900_EST,보(Y),DONG,B1F,400x900,8202,2.9528
400X900_EST-B1F-DONG-0012,400X900_EST,보(Y),DONG,B1F,400x900,8700,3.132
400X900_EST-B1F-DONG-0013,400X900_EST,보(Y),DONG,B1F,400x900,8700,3.132
400X900_EST-B1F-DONG-0014,400X900_EST,보(Y),DONG,B1F,400x900,5000,1.8
400X800-B1F-DONG-0128,400X800,보(Y),DONG,B1F,400x800,4800,1.536
400X800-B1F-DONG-0129,400X800,보(Y),DONG,B1F,400x800,8200,2.624
400X800-B1F-DONG-0130,400X800,보(Y),DONG,B1F,400x800,8700,2.784
400X800-B1F-DONG-0131,400X800,보(Y),DONG,B1F,400x800,8700,2.784
400X800-B1F-DONG-0132,400X800,보(Y),DONG,B1F,400x800,4800,1.536
400X800-B1F-DONG-0133,400X800,보(Y),DONG,B1F,400x800,8200,2.624
400X800-B1F-DONG-0134,400X800,보(Y),DONG,B1F,400x800,8700,2.784
400X800-B1F-DONG-0135,400X800,보(Y),DONG,B1F,400x800,8700,2.784
600X1200-B1F-DONG-0002,600X1200,보(Y),DONG,B1F,600x1200,4013,2.8893
400X800-B1F-DONG-0136,400X800,보(Y),DONG,B1F,400x800,4798,1.5353
400X800-B1F-DONG-0137,400X800,보(Y),DONG,B1F,400x800,8202,2.6247
400X800-B1F-DONG-0138,400X800,보(Y),DONG,B1F,400x800,8700,2.784
400X800-B1F-DONG-0139,400X800,보(Y),DONG,B1F,400x800,8700,2.784
400X800-B1F-DONG-0140,400X800,보(Y),DONG,B1F,400x800,8202,2.6247
400X800-B1F-DONG-0141,400X800,보(Y),DONG,B1F,400x800,8700,2.784
400X800-B1F-DONG-0142,400X800,보(Y),DONG,B1F,400x800,8700,2.784
600X900-B1F-DONG-0005,600X900,보(Y),DONG,B1F,600x900,4900,2.646
500X900-B1F-DONG-0012,500X900,보(Y),DONG,B1F,500x900,8400,3.78
500X900-B1F-DONG-0013,500X900,보(Y),DONG,B1F,500x900,4900,2.205
500X900-B1F-DONG-0014,500X900,보(Y),DONG,B1F,500x900,8400,3.78
500X900-B1F-DONG-0015,500X900,보(Y),DONG,B1F,500x900,4300,1.935
500X900-B1F-DONG-0016,500X900,보(Y),DONG,B1F,500x900,4900,2.205
700X900-B1F-DONG-0002,700X900,보(Y),DONG,B1F,700x900,8400,5.292
900X900-B1F-DONG-0024,900X900,보(Y),DONG,B1F,900x900,4300,3.483
600X900-B1F-DONG-0006,600X900,보(Y),DONG,B1F,600x900,4900,2.646
500X900-B1F-DONG-0017,500X900,보(Y),DONG,B1F,500x900,8400,3.78
500X900-B1F-DONG-0018,500X900,보(Y),DONG,B1F,500x900,4300,1.935
