부재ID,유형,체적(m³),면적(m²),거푸집(m²),길이(m)
COL-S30-004-0001,column,7.4222,0.0,20.517,0.0
COL-S30-004-0002,column,6.7519,0.0,19.558,0.0
COL-S30-004-0003,column,6.7519,0.0,19.558,0.0
COL-S30-004-0004,column,7.4222,0.0,20.517,0.0
COL-S30-004-0005,column,4.0472,0.0,15.099,0.0
COL-S30-004-0006,column,16.1578,0.0,30.401,0.0
COL-S30-004-0007,column,6.7519,0.0,19.558,0.0
COL-S30-004-0008,column,7.4222,0.0,20.517,0.0
COL-S30-004-0009,column,3.9783,0.0,14.931,0.0
COL-S30-004-0010,column,5.0332,0.0,16.8,0.0
COL-S30-004-0011,column,5.0855,0.0,16.898,0.0
COL-S30-004-0012,column,7.0005,0.0,19.838,0.0
COL-S30-004-0013,column,7.7117,0.0,20.825,0.0
COL-S30-004-0014,column,4.0472,0.0,15.099,0.0
COL-S30-004-0015,column,16.1578,0.0,30.401,0.0
COL-S30-004-0016,column,6.7519,0.0,19.558,0.0
COL-S30-004-0017,column,7.4222,0.0,20.517,0.0
COL-S30-004-0018,column,7.4222,0.0,20.517,0.0
COL-S30-004-0019,column,6.7519,0.0,19.558,0.0
COL-S30-004-0020,column,6.7519,0.0,19.558,0.0
COL-S30-004-0021,column,7.4222,0.0,20.517,0.0
COL-S30-004-0022,column,3.9783,0.0,14.931,0.0
COL-S30-004-0023,column,5.0332,0.0,16.8,0.0
COL-S30-004-0024,column,5.0855,0.0,16.898,0.0
COL-S30-004-0025,column,7.7117,0.0,20.825,0.0
COL-S30-004-0026,column,7.0005,0.0,19.838,0.0
COL-S30-004-0027,column,2.328,0.0,12.859,0.0
COL-S30-004-0028,column,2.328,0.0,12.859,0.0
COL-S30-005-0029,column,2.328,0.0,12.859,0.0
COL-S30-005-0030,column,2.328,0.0,12.859,0.0
COL-S30-004-0031,column,7.0844,0.0,22.043,0.0
COL-S30-004-0032,column,16.4726,0.0,30.499,0.0
COL-S30-004-0033,column,17.0546,0.0,30.947,0.0
COL-S30-004-0034,column,7.0844,0.0,22.043,0.0
COL-S30-004-0035,column,17.0546,0.0,30.947,0.0
COL-S30-004-0036,column,16.4726,0.0,30.499,0.0
COL-S30-005-0037,column,7.0844,0.0,22.043,0.0
COL-S30-005-0038,column,7.0844,0.0,22.043,0.0
COL-S30-005-0039,column,7.0844,0.0,22.043,0.0
COL-S30-005-0040,column,16.4726,0.0,30.499,0.0
COL-S30-005-0041,column,16.4726,0.0,30.499,0.0
COL-S30-005-0042,column,16.4726,0.0,30.499,0.0
COL-S30-005-0043,column,17.0546,0.0,30.947,0.0
COL-S30-005-0044,column,17.0546,0.0,30.947,0.0
COL-S30-005-0045,column,17.0546,0.0,30.947,0.0
COL-S30-007-0046,column,17.0546,0.0,30.947,0.0
COL-S30-007-0047,column,16.4726,0.0,30.499,0.0
COL-S30-007-0048,column,7.0844,0.0,22.043,0.0
COL-S30-008-0049,column,17.0546,0.0,30.947,0.0
COL-S30-008-0050,column,16.4726,0.0,30.499,0.0
COL-S30-008-0051,column,7.0844,0.0,22.043,0.0
COL-S30-008-0052,column,7.0844,0.0,22.043,0.0
COL-S30-010-0053,column,17.0546,0.0,30.947,0.0
COL-S30-010-0054,column,16.4726,0.0,30.499,0.0
COL-S30-010-0055,column,7.0844,0.0,22.043,0.0
COL-S30-006-0056,column,17.0546,0.0,30.947,0.0
COL-S30-006-0057,column,16.4726,0.0,30.499,0.0
COL-S30-006-0058,column,7.0844,0.0,22.043,0.0
COL-S30-001-0059,column,7.0844,0.0,22.043,0.0
COL-S30-001-0060,column,17.0546,0.0,30.947,0.0
COL-S30-001-0061,column,16.4726,0.0,30.499,0.0
COL-S30-001-0062,column,7.0844,0.0,22.043,0.0
COL-S30-001-0063,column,17.0546,0.0,30.947,0.0
COL-S30-001-0064,column,16.4726,0.0,30.499,0.0
COL-S30-002-0065,column,7.0844,0.0,22.043,0.0
COL-S30-002-0066,column,17.0546,0.0,30.947,0.0
COL-S30-002-0067,column,16.4726,0.0,30.499,0.0
COL-S30-008-0068,column,16.4726,0.0,30.499,0.0
COL-S30-008-0069,column,17.0546,0.0,30.947,0.0
COL-S30-005-0070,column,7.0844,0.0,22.043,0.0
COL-S30-005-0071,column,7.0844,0.0,22.043,0.0
COL-S30-005-0072,column,7.0844,0.0,22.043,0.0
COL-S30-005-0073,column,7.0844,0.0,22.043,0.0
COL-S30-005-0074,column,16.4726,0.0,30.499,0.0
COL-S30-005-0075,column,16.4726,0.0,30.499,0.0
COL-S30-005-0076,column,17.0546,0.0,30.947,0.0
COL-S30-005-0077,column,17.0546,0.0,30.947,0.0
COL-S30-005-0078,column,17.0546,0.0,30.947,0.0
COL-S30-006-0079,column,7.0844,0.0,22.043,0.0
COL-S30-006-0080,column,7.0844,0.0,22.043,0.0
COL-S30-006-0081,column,7.0844,0.0,22.043,0.0
COL-S30-006-0082,column,16.4726,0.0,30.499,0.0
COL-S30-006-0083,column,16.4726,0.0,30.499,0.0
COL-S30-006-0084,column,16.4726,0.0,30.499,0.0
COL-S30-006-0085,column,17.0546,0.0,30.947,0.0
COL-S30-006-0086,column,17.0546,0.0,30.947,0.0
COL-S30-006-0087,column,17.0546,0.0,30.947,0.0
COL-S30-007-0088,column,7.0844,0.0,22.043,0.0
COL-S30-007-0089,column,7.0844,0.0,22.043,0.0
COL-S30-007-0090,column,7.0844,0.0,22.043,0.0
COL-S30-007-0091,column,16.4726,0.0,30.499,0.0
COL-S30-007-0092,column,16.4726,0.0,30.499,0.0
COL-S30-007-0093,column,16.4726,0.0,30.499,0.0
COL-S30-007-0094,column,17.0546,0.0,30.947,0.0
COL-S30-007-0095,column,17.0546,0.0,30.947,0.0
COL-S30-007-0096,column,17.0546,0.0,30.947,0.0
COL-S30-008-0097,column,16.4726,0.0,30.499,0.0
COL-S30-008-0098,column,16.4726,0.0,30.499,0.0
COL-S30-008-0099,column,16.4726,0.0,30.499,0.0
COL-S30-008-0100,column,17.0546,0.0,30.947,0.0
COL-S30-008-0101,column,17.0546,0.0,30.947,0.0
COL-S30-008-0102,column,17.0546,0.0,30.947,0.0
COL-S30-001-0103,column,2.328,0.0,12.859,0.0
COL-S30-005-0104,column,15.5002,0.0,29.47,0.0
COL-S30-005-0105,column,15.5002,0.0,29.47,0.0
COL-S30-004-0106,column,9.7116,0.0,23.366,0.0
BM-S30-010-0001,beam,57.024,0.0,356.4,178.2
BM-S30-009-0002,beam,57.024,0.0,356.4,178.2
BM-S30-008-0003,beam,57.024,0.0,356.4,178.2
BM-S30-007-0004,beam,403.2,0.0,2520.0,1260.0
BM-S30-007-0005,beam,403.2,0.0,2520.0,1260.0
BM-S30-007-0006,beam,57.024,0.0,356.4,178.2
BM-S30-006-0007,beam,57.024,0.0,356.4,178.2
BM-S30-005-0008,beam,57.024,0.0,356.4,178.2
BM-S30-004-0009,beam,87.318,0.0,374.22,178.2
BM-S30-004-0010,beam,1.0753,0.0,6.721,3.36
BM-S30-004-0011,beam,1.0753,0.0,6.721,3.36
BM-S30-004-0012,beam,1.0753,0.0,6.721,3.36
BM-S30-004-0013,beam,1.0753,0.0,6.721,3.36
BM-S30-004-0014,beam,1.0753,0.0,6.721,3.36
BM-S30-004-0015,beam,1.0753,0.0,6.721,3.36
BM-S30-005-0016,beam,1.0753,0.0,6.721,3.36
BM-S30-005-0017,beam,1.0753,0.0,6.721,3.36
BM-S30-005-0018,beam,1.0753,0.0,6.721,3.36
BM-S30-005-0019,beam,1.0753,0.0,6.721,3.36
BM-S30-005-0020,beam,1.0753,0.0,6.721,3.36
BM-S30-005-0021,beam,1.0753,0.0,6.721,3.36
BM-S30-006-0022,beam,1.0753,0.0,6.721,3.36
BM-S30-006-0023,beam,1.0753,0.0,6.721,3.36
BM-S30-006-0024,beam,1.0753,0.0,6.721,3.36
BM-S30-006-0025,beam,1.0753,0.0,6.721,3.36
BM-S30-006-0026,beam,1.0753,0.0,6.721,3.36
BM-S30-006-0027,beam,1.0753,0.0,6.721,3.36
BM-S30-007-0028,beam,1.0753,0.0,6.721,3.36
BM-S30-007-0029,beam,1.0753,0.0,6.721,3.36
BM-S30-007-0030,beam,1.0753,0.0,6.721,3.36
BM-S30-007-0031,beam,1.0753,0.0,6.721,3.36
BM-S30-007-0032,beam,1.0753,0.0,6.721,3.36
BM-S30-007-0033,beam,1.0753,0.0,6.721,3.36
BM-S30-008-0034,beam,1.0753,0.0,6.721,3.36
BM-S30-008-0035,beam,1.0753,0.0,6.721,3.36
BM-S30-008-0036,beam,1.0753,0.0,6.721,3.36
BM-S30-008-0037,beam,1.0753,0.0,6.721,3.36
BM-S30-008-0038,beam,1.0753,0.0,6.721,3.36
BM-S30-008-0039,beam,1.0753,0.0,6.721,3.36
BM-S30-010-0040,beam,1.0753,0.0,6.721,3.36
BM-S30-010-0041,beam,1.0753,0.0,6.721,3.36
BM-S30-010-0042,beam,1.0753,0.0,6.721,3.36
BM-S30-010-0043,beam,1.0753,0.0,6.721,3.36
WL-S30-007-0001,wall,0.0,0.0,0.0,0.0
WL-S30-007-0002,wall,1.7776,2.091,4.182,0.597
WL-S30-007-0003,wall,0.1855,0.927,1.855,0.265
WL-S30-007-0004,wall,0.0,0.0,0.0,0.0
WL-S30-007-0005,wall,0.0,0.0,0.0,0.0
WL-S30-007-0006,wall,0.0,0.0,0.0,0.0
WL-S30-007-0007,wall,0.0697,0.35,0.7,0.1
WL-S30-007-0008,wall,0.854,0.7,1.4,0.2
WL-S30-007-0009,wall,0.0,0.0,0.0,0.0
WL-S30-007-0010,wall,0.392,0.35,0.7,0.1
WL-S30-007-0011,wall,0.0542,0.542,1.085,0.155
WL-S30-007-0012,wall,0.0697,0.35,0.7,0.1
WL-S30-007-0013,wall,0.0,0.0,0.0,0.0
WL-S30-007-0014,wall,0.0,0.0,0.0,0.0
WL-S30-007-0015,wall,7.7883,9.748,19.495,2.785
WL-S30-007-0016,wall,0.0,0.0,0.0,0.0
WL-S30-007-0017,wall,0.0,0.0,0.0,0.0
WL-S30-007-0018,wall,0.0,0.0,0.0,0.0
WL-S30-007-0019,wall,0.0,0.0,0.0,0.0
WL-S30-007-0020,wall,0.0,0.0,0.0,0.0
WL-S30-007-0021,wall,0.0,0.0,0.0,0.0
WL-S30-007-0022,wall,0.861,4.305,8.61,1.23
WL-S30-007-0023,wall,1.323,6.615,13.23,1.89
WL-S30-007-0024,wall,0.0,0.0,0.0,0.0
WL-S30-007-0025,wall,0.0665,0.332,0.665,0.095
WL-S30-007-0026,wall,0.455,2.275,4.55,0.65
WL-S30-007-0027,wall,0.91,4.55,9.1,1.3
WL-S30-007-0028,wall,0.938,4.69,9.38,1.34
WL-S30-007-0029,wall,0.707,3.535,7.07,1.01
WL-S30-007-0030,wall,1.239,6.195,12.39,1.77
WL-S30-007-0031,wall,0.0,0.0,0.0,0.0
WL-S30-007-0032,wall,2.0882,6.16,12.32,1.76
WL-S30-007-0033,wall,0.0,0.0,0.0,0.0
WL-S30-007-0034,wall,0.0697,0.35,0.7,0.1
WL-S30-007-0035,wall,0.0,0.0,0.0,0.0
WL-S30-007-0036,wall,0.07,0.35,0.7,0.1
WL-S30-007-0037,wall,0.7133,0.7,1.4,0.2
WL-S30-007-0038,wall,0.0193,0.193,0.385,0.055
WL-S30-007-0039,wall,2.5626,6.422,12.845,1.835
WL-S30-007-0040,wall,0.0,0.0,0.0,0.0
WL-S30-007-0041,wall,0.0,0.0,0.0,0.0
WL-S30-007-0042,wall,0.0,0.0,0.0,0.0
WL-S30-007-0043,wall,0.0383,0.193,0.385,0.055
WL-S30-007-0044,wall,0.714,0.7,1.4,0.2
WL-S30-007-0045,wall,0.0,0.0,0.0,0.0
WL-S30-007-0046,wall,0.0252,0.21,0.42,0.06
WL-S30-007-0047,wall,0.9345,4.673,9.345,1.335
WL-S30-007-0048,wall,0.7098,5.915,11.83,1.69
WL-S30-007-0049,wall,0.1393,0.7,1.4,0.2
WL-S30-007-0050,wall,0.0,0.0,0.0,0.0
WL-S30-007-0051,wall,0.0383,0.192,0.385,0.055
WL-S30-007-0052,wall,0.07,0.35,0.7,0.1
WL-S30-007-0053,wall,0.714,3.57,7.14,1.02
WL-S30-007-0054,wall,0.595,2.975,5.95,0.85
WL-S30-007-0055,wall,2.66,2.8,5.6,0.8
WL-S30-007-0056,wall,1.295,6.475,12.95,1.85
WL-S30-007-0057,wall,0.0805,0.403,0.805,0.115
WL-S30-007-0058,wall,0.714,0.7,1.4,0.2
WL-S30-007-0059,wall,1.26,6.3,12.6,1.8
WL-S30-007-0060,wall,0.5145,2.572,5.145,0.735
WL-S30-007-0061,wall,0.644,0.7,1.4,0.2
WL-S30-007-0062,wall,0.854,0.7,1.4,0.2
WL-S30-007-0063,wall,1.19,5.95,11.9,1.7
WL-S30-007-0064,wall,0.588,2.94,5.88,0.84
WL-S30-007-0065,wall,0.994,4.97,9.94,1.42
WL-S30-007-0066,wall,0.28,1.4,2.8,0.4
WL-S30-007-0067,wall,0.289,1.452,2.905,0.415
WL-S30-007-0068,wall,0.854,0.7,1.4,0.2
WL-S30-007-0069,wall,1.015,5.075,10.15,1.45
WL-S30-007-0070,wall,0.2933,0.7,1.4,0.2
WL-S30-007-0071,wall,1.0865,5.46,10.92,1.56
WL-S30-007-0072,wall,1.4034,7.052,14.105,2.015
WL-S30-007-0073,wall,1.1771,5.915,11.83,1.69
WL-S30-007-0074,wall,4.7815,24.027,48.055,6.865
WL-S30-007-0075,wall,0.224,1.12,2.24,0.32
WL-S30-007-0076,wall,0.0329,0.333,0.665,0.095
WL-S30-007-0077,wall,0.805,0.7,1.4,0.2
WL-S30-007-0078,wall,0.4527,2.275,4.55,0.65
WL-S30-007-0079,wall,0.6083,0.7,1.4,0.2
WL-S30-007-0080,wall,0.801,4.025,8.05,1.15
WL-S30-007-0081,wall,0.5313,0.7,1.4,0.2
WL-S30-007-0082,wall,0.609,3.045,6.09,0.87
WL-S30-007-0083,wall,0.532,2.66,5.32,0.76
WL-S30-007-0084,wall,0.994,4.97,9.94,1.42
WL-S30-007-0085,wall,1.0024,5.6,11.2,1.6
WL-S30-007-0086,wall,0.5914,4.97,9.94,1.42
WL-S30-007-0087,wall,1.5624,8.68,17.36,2.48
WL-S30-007-0088,wall,0.579,0.63,1.26,0.18
WL-S30-007-0089,wall,2.4759,2.222,4.445,0.635
WL-S30-007-0090,wall,1.3157,7.35,14.7,2.1
WL-S30-007-0091,wall,1.0149,5.67,11.34,1.62
WL-S30-007-0092,wall,0.392,0.35,0.7,0.1
WL-S30-007-0093,wall,0.455,0.35,0.7,0.1
WL-S30-007-0094,wall,0.3185,1.593,3.185,0.455
WL-S30-007-0095,wall,0.7133,0.7,1.4,0.2
WL-S30-007-0096,wall,0.3657,1.838,3.675,0.525
WL-S30-007-0097,wall,0.714,0.7,1.4,0.2
WL-S30-007-0098,wall,0.315,1.575,3.15,0.45
WL-S30-007-0099,wall,6.5406,5.845,11.69,1.67
WL-S30-007-0100,wall,1.0713,5.985,11.97,1.71
WL-S30-007-0101,wall,1.0517,5.285,10.57,1.51
WL-S30-007-0102,wall,0.504,0.7,1.4,0.2
WL-S30-007-0103,wall,0.5015,2.52,5.04,0.72
WL-S30-007-0104,wall,1.7263,2.66,5.32,0.76
WL-S30-007-0105,wall,0.3831,1.925,3.85,0.55
WL-S30-007-0106,wall,1.554,7.77,15.54,2.22
WL-S30-007-0107,wall,0.801,4.025,8.05,1.15
WL-S30-007-0108,wall,0.714,0.7,1.4,0.2
WL-S30-007-0109,wall,0.1497,0.752,1.505,0.215
WL-S30-007-0110,wall,0.7662,3.85,7.7,1.1
WL-S30-007-0111,wall,0.39,1.96,3.92,0.56
WL-S30-007-0112,wall,0.952,4.76,9.52,1.36
WL-S30-007-0113,wall,0.1393,0.7,1.4,0.2
WL-S30-007-0114,wall,2.59,12.95,25.9,3.7
WL-S30-007-0115,wall,0.196,0.98,1.96,0.28
WL-S30-007-0116,wall,0.854,4.27,8.54,1.22
WL-S30-007-0117,wall,1.771,8.855,17.71,2.53
WL-S30-007-0118,wall,0.0364,0.368,0.735,0.105
WL-S30-007-0119,wall,1.4209,7.14,14.28,2.04
WL-S30-007-0120,wall,0.4597,2.31,4.62,0.66
WL-S30-007-0121,wall,1.3157,7.35,14.7,2.1
WL-S30-007-0122,wall,0.392,0.35,0.7,0.1
WL-S30-007-0123,wall,0.455,0.35,0.7,0.1
WL-S30-007-0124,wall,0.6132,5.11,10.22,1.46
WL-S30-007-0125,wall,0.579,0.63,1.26,0.18
WL-S30-007-0126,wall,0.6433,0.7,1.4,0.2
WL-S30-007-0127,wall,0.238,1.19,2.38,0.34
WL-S30-007-0128,wall,0.8533,0.7,1.4,0.2
WL-S30-007-0129,wall,0.9333,4.69,9.38,1.34
WL-S30-007-0130,wall,0.567,0.7,1.4,0.2
WL-S30-007-0131,wall,0.5642,2.835,5.67,0.81
WL-S30-007-0132,wall,0.592,2.975,5.95,0.85
WL-S30-007-0133,wall,6.5406,5.845,11.69,1.67
WL-S30-007-0134,wall,1.0713,5.985,11.97,1.71
WL-S30-007-0135,wall,1.0517,5.285,10.57,1.51
WL-S30-007-0136,wall,0.504,0.7,1.4,0.2
WL-S30-007-0137,wall,0.5015,2.52,5.04,0.72
WL-S30-007-0138,wall,1.7263,2.66,5.32,0.76
WL-S30-007-0139,wall,0.3831,1.925,3.85,0.55
WL-S30-007-0140,wall,1.554,7.77,15.54,2.22
WL-S30-007-0141,wall,0.805,4.025,8.05,1.15
WL-S30-007-0142,wall,0.7133,0.7,1.4,0.2
WL-S30-007-0143,wall,0.1497,0.752,1.505,0.215
WL-S30-007-0144,wall,0.7662,3.85,7.7,1.1
WL-S30-007-0145,wall,0.39,1.96,3.92,0.56
WL-S30-007-0146,wall,0.9472,4.76,9.52,1.36
WL-S30-007-0147,wall,0.1393,0.7,1.4,0.2
WL-S30-007-0148,wall,2.59,12.95,25.9,3.7
WL-S30-007-0149,wall,0.196,0.98,1.96,0.28
WL-S30-007-0150,wall,0.854,4.27,8.54,1.22
WL-S30-007-0151,wall,1.7621,8.855,17.71,2.53
WL-S30-007-0152,wall,0.0364,0.368,0.735,0.105
WL-S30-007-0153,wall,1.4209,7.14,14.28,2.04
WL-S30-007-0154,wall,0.4597,2.31,4.62,0.66
WL-S30-007-0155,wall,1.3157,7.35,14.7,2.1
WL-S30-007-0156,wall,0.392,0.35,0.7,0.1
WL-S30-007-0157,wall,0.4547,0.35,0.7,0.1
WL-S30-007-0158,wall,0.6132,5.11,10.22,1.46
WL-S30-007-0159,wall,0.579,0.63,1.26,0.18
WL-S30-007-0160,wall,0.6433,0.7,1.4,0.2
WL-S30-007-0161,wall,0.2368,1.19,2.38,0.34
WL-S30-007-0162,wall,0.8533,0.7,1.4,0.2
WL-S30-007-0163,wall,0.9333,4.69,9.38,1.34
WL-S30-007-0164,wall,0.5663,0.7,1.4,0.2
WL-S30-007-0165,wall,0.567,2.835,5.67,0.81
WL-S30-007-0166,wall,0.592,2.975,5.95,0.85
WL-S30-007-0167,wall,1.0206,5.67,11.34,1.62
WL-S30-007-0168,wall,4.0464,3.115,6.23,0.89
WL-S30-007-0169,wall,0.3134,1.575,3.15,0.45
WL-S30-007-0170,wall,0.6895,3.465,6.93,0.99
WL-S30-007-0171,wall,0.714,0.7,1.4,0.2
WL-S30-007-0172,wall,0.7623,0.7,1.4,0.2
WL-S30-007-0173,wall,0.2905,1.453,2.905,0.415
WL-S30-007-0174,wall,1.0099,5.075,10.15,1.45
WL-S30-007-0175,wall,0.2933,0.7,1.4,0.2
WL-S30-007-0176,wall,1.092,5.46,10.92,1.56
WL-S30-007-0177,wall,1.4105,7.053,14.105,2.015
WL-S30-007-0178,wall,1.183,5.915,11.83,1.69
WL-S30-007-0179,wall,4.7815,24.027,48.055,6.865
WL-S30-007-0180,wall,0.2229,1.12,2.24,0.32
WL-S30-007-0181,wall,0.805,0.7,1.4,0.2
WL-S30-007-0182,wall,0.4527,2.275,4.55,0.65
WL-S30-007-0183,wall,0.6083,0.7,1.4,0.2
WL-S30-007-0184,wall,0.805,4.025,8.05,1.15
WL-S30-007-0185,wall,0.532,0.7,1.4,0.2
WL-S30-007-0186,wall,0.609,3.045,6.09,0.87
WL-S30-007-0187,wall,0.5293,2.66,5.32,0.76
WL-S30-007-0188,wall,0.989,4.97,9.94,1.42
WL-S30-007-0189,wall,1.5624,8.68,17.36,2.48
WL-S30-007-0190,wall,0.579,0.63,1.26,0.18
WL-S30-007-0191,wall,1.3157,7.35,14.7,2.1
WL-S30-007-0192,wall,0.3169,1.592,3.185,0.455
WL-S30-007-0193,wall,0.9905,4.952,9.905,1.415
WL-S30-007-0194,wall,0.203,1.015,2.03,0.29
WL-S30-007-0195,wall,1.8515,9.257,18.515,2.645
WL-S30-007-0196,wall,1.463,7.315,14.63,2.09
WL-S30-007-0197,wall,2.2619,11.366,22.733,3.248
WL-S30-007-0198,wall,0.854,0.7,1.4,0.2
WL-S30-007-0199,wall,10.5561,9.03,18.06,2.58
WL-S30-007-0200,wall,0.6993,0.7,1.4,0.2
WL-S30-007-0201,wall,0.505,2.538,5.075,0.725
WL-S30-007-0202,wall,0.5746,2.887,5.775,0.825
WL-S30-007-0203,wall,1.68,8.4,16.8,2.4
WL-S30-007-0204,wall,0.434,0.7,1.4,0.2
WL-S30-007-0205,wall,0.28,1.4,2.8,0.4
WL-S30-007-0206,wall,2.758,13.79,27.58,3.94
WL-S30-007-0207,wall,1.68,8.4,16.8,2.4
WL-S30-007-0208,wall,0.0,0.0,0.0,0.0
WL-S30-007-0209,wall,0.5775,2.887,5.775,0.825
WL-S30-007-0210,wall,2.187,10.99,21.98,3.14
WL-S30-007-0211,wall,0.2415,1.208,2.415,0.345
WL-S30-007-0212,wall,0.0,0.0,0.0,0.0
WL-S30-007-0213,wall,0.203,1.015,2.03,0.29
WL-S30-007-0214,wall,0.4375,2.188,4.375,0.625
WL-S30-007-0215,wall,5.3235,4.55,9.1,1.3
WL-S30-007-0216,wall,0.763,3.815,7.63,1.09
WL-S30-007-0217,wall,2.3402,11.76,23.52,3.36
WL-S30-007-0218,wall,0.434,0.7,1.4,0.2
WL-S30-007-0219,wall,0.7,0.7,1.4,0.2
WL-S30-007-0220,wall,0.9194,4.62,9.24,1.32
WL-S30-007-0221,wall,0.9065,4.533,9.065,1.295
WL-S30-007-0222,wall,0.875,4.375,8.75,1.25
WL-S30-007-0223,wall,0.1811,0.91,1.82,0.26
WL-S30-007-0224,wall,0.763,3.815,7.63,1.09
WL-S30-007-0225,wall,0.112,0.56,1.12,0.16
WL-S30-007-0226,wall,0.2572,1.286,2.572,0.367
WL-S30-007-0227,wall,5.1576,25.788,51.576,7.368
WL-S30-007-0228,wall,0.1114,0.56,1.12,0.16
WL-S30-007-0229,wall,0.101,0.507,1.015,0.145
WL-S30-007-0230,wall,0.0666,0.56,1.12,0.16
WL-S30-007-0231,wall,1.7115,8.557,17.115,2.445
WL-S30-007-0232,wall,4.1084,20.542,41.084,5.869
WL-S30-007-0233,wall,1.0395,5.197,10.395,1.485
WL-S30-007-0234,wall,3.922,19.61,39.22,5.603
WL-S30-007-0235,wall,0.1657,0.833,1.666,0.238
WL-S30-007-0236,wall,0.6966,0.56,1.12,0.16
WL-S30-007-0237,wall,0.9855,4.952,9.905,1.415
WL-S30-007-0238,wall,0.202,1.015,2.03,0.29
WL-S30-007-0239,wall,1.8515,9.258,18.515,2.645
WL-S30-007-0240,wall,2.5736,12.933,25.865,3.695
WL-S30-007-0241,wall,1.463,7.315,14.63,2.09
WL-S30-007-0242,wall,2.7442,13.79,27.58,3.94
WL-S30-007-0243,wall,2.2619,11.366,22.733,3.248
WL-S30-007-0244,wall,0.854,0.7,1.4,0.2
WL-S30-007-0245,wall,0.7,0.7,1.4,0.2
WL-S30-007-0246,wall,0.5075,2.538,5.075,0.725
WL-S30-007-0247,wall,0.5775,2.887,5.775,0.825
WL-S30-007-0248,wall,1.68,8.4,16.8,2.4
WL-S30-007-0249,wall,0.2786,1.4,2.8,0.4
WL-S30-007-0250,wall,0.4333,0.7,1.4,0.2
WL-S30-007-0251,wall,0.6594,5.495,10.99,1.57
WL-S30-007-0252,wall,0.7133,0.7,1.4,0.2
WL-S30-007-0253,wall,0.3657,1.838,3.675,0.525
WL-S30-007-0254,wall,0.0017,0.017,0.035,0.005
WL-S30-007-0255,wall,0.3917,0.35,0.7,0.1
WL-S30-007-0256,wall,0.455,0.35,0.7,0.1
WL-S30-007-0257,wall,0.56,0.7,1.4,0.2
WL-S30-007-0258,wall,0.5593,0.7,1.4,0.2
WL-S30-007-0259,wall,0.5593,0.7,1.4,0.2
WL-S30-007-0260,wall,0.56,0.7,1.4,0.2
WL-S30-007-0261,wall,3.6679,18.432,36.863,5.266
WL-S30-008-0262,wall,0.0,0.0,0.0,0.0
WL-S30-008-0263,wall,1.7776,2.091,4.182,0.597
WL-S30-008-0264,wall,0.1855,0.927,1.855,0.265
WL-S30-008-0265,wall,0.0,0.0,0.0,0.0
WL-S30-008-0266,wall,0.0,0.0,0.0,0.0
WL-S30-008-0267,wall,0.0,0.0,0.0,0.0
WL-S30-008-0268,wall,0.0697,0.35,0.7,0.1
WL-S30-008-0269,wall,0.854,0.7,1.4,0.2
WL-S30-008-0270,wall,0.0,0.0,0.0,0.0
WL-S30-008-0271,wall,0.392,0.35,0.7,0.1
WL-S30-008-0272,wall,0.0543,0.543,1.085,0.155
WL-S30-008-0273,wall,0.0697,0.35,0.7,0.1
WL-S30-008-0274,wall,0.0,0.0,0.0,0.0
WL-S30-008-0275,wall,0.0,0.0,0.0,0.0
WL-S30-008-0276,wall,7.7883,9.748,19.495,2.785
WL-S30-008-0277,wall,0.0,0.0,0.0,0.0
WL-S30-008-0278,wall,0.0,0.0,0.0,0.0
WL-S30-008-0279,wall,0.0,0.0,0.0,0.0
WL-S30-008-0280,wall,0.0,0.0,0.0,0.0
WL-S30-008-0281,wall,0.0,0.0,0.0,0.0
WL-S30-008-0282,wall,0.0,0.0,0.0,0.0
WL-S30-008-0283,wall,0.861,4.305,8.61,1.23
WL-S30-008-0284,wall,1.323,6.615,13.23,1.89
WL-S30-008-0285,wall,0.0,0.0,0.0,0.0
WL-S30-008-0286,wall,0.0665,0.332,0.665,0.095
WL-S30-008-0287,wall,0.455,2.275,4.55,0.65
WL-S30-008-0288,wall,0.91,4.55,9.1,1.3
WL-S30-008-0289,wall,0.938,4.69,9.38,1.34
WL-S30-008-0290,wall,0.707,3.535,7.07,1.01
WL-S30-008-0291,wall,1.239,6.195,12.39,1.77
WL-S30-008-0292,wall,0.0,0.0,0.0,0.0
WL-S30-008-0293,wall,2.0882,6.16,12.32,1.76
WL-S30-008-0294,wall,0.0,0.0,0.0,0.0
WL-S30-008-0295,wall,0.0697,0.35,0.7,0.1
WL-S30-008-0296,wall,0.0,0.0,0.0,0.0
WL-S30-008-0297,wall,0.07,0.35,0.7,0.1
WL-S30-008-0298,wall,0.7133,0.7,1.4,0.2
WL-S30-008-0299,wall,0.0193,0.193,0.385,0.055
WL-S30-008-0300,wall,2.5626,6.422,12.845,1.835
WL-S30-008-0301,wall,0.0,0.0,0.0,0.0
WL-S30-008-0302,wall,0.0,0.0,0.0,0.0
WL-S30-008-0303,wall,0.0,0.0,0.0,0.0
WL-S30-008-0304,wall,0.0383,0.193,0.385,0.055
WL-S30-008-0305,wall,0.714,0.7,1.4,0.2
WL-S30-008-0306,wall,0.0,0.0,0.0,0.0
WL-S30-008-0307,wall,0.0252,0.21,0.42,0.06
WL-S30-008-0308,wall,0.9345,4.673,9.345,1.335
WL-S30-008-0309,wall,0.7098,5.915,11.83,1.69
WL-S30-008-0310,wall,0.1393,0.7,1.4,0.2
WL-S30-008-0311,wall,0.0,0.0,0.0,0.0
WL-S30-008-0312,wall,0.0383,0.192,0.385,0.055
WL-S30-008-0313,wall,0.07,0.35,0.7,0.1
WL-S30-008-0314,wall,0.714,3.57,7.14,1.02
WL-S30-008-0315,wall,0.595,2.975,5.95,0.85
WL-S30-008-0316,wall,2.66,2.8,5.6,0.8
WL-S30-008-0317,wall,1.295,6.475,12.95,1.85
WL-S30-008-0318,wall,0.0805,0.403,0.805,0.115
WL-S30-008-0319,wall,0.714,0.7,1.4,0.2
WL-S30-008-0320,wall,1.26,6.3,12.6,1.8
WL-S30-008-0321,wall,0.5145,2.572,5.145,0.735
WL-S30-008-0322,wall,0.644,0.7,1.4,0.2
WL-S30-008-0323,wall,0.854,0.7,1.4,0.2
WL-S30-008-0324,wall,1.19,5.95,11.9,1.7
WL-S30-008-0325,wall,0.588,2.94,5.88,0.84
WL-S30-008-0326,wall,0.994,4.97,9.94,1.42
WL-S30-008-0327,wall,0.28,1.4,2.8,0.4
WL-S30-008-0328,wall,1.68,8.4,16.8,2.4
WL-S30-008-0329,wall,0.0,0.0,0.0,0.0
WL-S30-008-0330,wall,0.5775,2.887,5.775,0.825
WL-S30-008-0331,wall,1.8457,9.275,18.55,2.65
WL-S30-008-0332,wall,0.2415,1.208,2.415,0.345
WL-S30-008-0333,wall,6.1425,5.25,10.5,1.5
WL-S30-008-0334,wall,2.1455,10.727,21.455,3.065
WL-S30-008-0335,wall,0.0,0.0,0.0,0.0
WL-S30-008-0336,wall,0.854,0.7,1.4,0.2
WL-S30-008-0337,wall,0.763,3.815,7.63,1.09
WL-S30-008-0338,wall,2.3402,11.76,23.52,3.36
WL-S30-008-0339,wall,0.434,0.7,1.4,0.2
WL-S30-008-0340,wall,0.0,0.0,0.0,0.0
WL-S30-008-0341,wall,0.7,0.7,1.4,0.2
WL-S30-008-0342,wall,0.9194,4.62,9.24,1.32
WL-S30-008-0343,wall,0.902,4.533,9.065,1.295
WL-S30-008-0344,wall,0.875,4.375,8.75,1.25
WL-S30-008-0345,wall,0.1811,0.91,1.82,0.26
WL-S30-008-0346,wall,0.763,3.815,7.63,1.09
WL-S30-008-0347,wall,0.627,3.135,6.27,0.896
WL-S30-008-0348,wall,0.2559,1.286,2.572,0.367
WL-S30-008-0349,wall,0.0666,0.56,1.12,0.16
WL-S30-008-0350,wall,5.1576,25.788,51.576,7.368
WL-S30-008-0351,wall,0.1114,0.56,1.12,0.16
WL-S30-008-0352,wall,0.1015,0.507,1.015,0.145
WL-S30-008-0353,wall,0.0666,0.56,1.12,0.16
WL-S30-008-0354,wall,1.7115,8.557,17.115,2.445
WL-S30-008-0355,wall,4.1084,20.542,41.084,5.869
WL-S30-008-0356,wall,3.922,19.61,39.22,5.603
WL-S30-008-0357,wall,0.1657,0.833,1.666,0.238
WL-S30-008-0358,wall,0.6966,0.56,1.12,0.16
WL-S30-008-0359,wall,0.2905,1.452,2.905,0.415
WL-S30-008-0360,wall,0.854,0.7,1.4,0.2
WL-S30-008-0361,wall,1.0099,5.075,10.15,1.45
WL-S30-008-0362,wall,0.294,0.7,1.4,0.2
WL-S30-008-0363,wall,1.0865,5.46,10.92,1.56
WL-S30-008-0364,wall,1.4034,7.052,14.105,2.015
WL-S30-008-0365,wall,1.1771,5.915,11.83,1.69
WL-S30-008-0366,wall,4.7815,24.027,48.055,6.865
WL-S30-008-0367,wall,0.224,1.12,2.24,0.32
WL-S30-008-0368,wall,0.0329,0.332,0.665,0.095
WL-S30-008-0369,wall,0.805,0.7,1.4,0.2
WL-S30-008-0370,wall,0.4527,2.275,4.55,0.65
WL-S30-008-0371,wall,0.6083,0.7,1.4,0.2
WL-S30-008-0372,wall,0.805,4.025,8.05,1.15
WL-S30-008-0373,wall,0.532,0.7,1.4,0.2
WL-S30-008-0374,wall,0.609,3.045,6.09,0.87
WL-S30-008-0375,wall,0.5293,2.66,5.32,0.76
WL-S30-008-0376,wall,0.989,4.97,9.94,1.42
WL-S30-008-0377,wall,1.008,5.6,11.2,1.6
WL-S30-008-0378,wall,0.5914,4.97,9.94,1.42
WL-S30-008-0379,wall,1.5537,8.68,17.36,2.48
WL-S30-008-0380,wall,0.5796,0.63,1.26,0.18
WL-S30-008-0381,wall,2.4759,2.222,4.445,0.635
WL-S30-008-0382,wall,1.323,7.35,14.7,2.1
WL-S30-008-0383,wall,1.0149,5.67,11.34,1.62
WL-S30-008-0384,wall,0.3916,0.35,0.7,0.1
WL-S30-008-0385,wall,0.455,0.35,0.7,0.1
WL-S30-008-0386,wall,0.3185,1.592,3.185,0.455
WL-S30-008-0387,wall,0.7133,0.7,1.4,0.2
WL-S30-008-0388,wall,0.3675,1.838,3.675,0.525
WL-S30-008-0389,wall,0.714,0.7,1.4,0.2
WL-S30-008-0390,wall,0.315,1.575,3.15,0.45
WL-S30-008-0391,wall,6.5464,5.845,11.69,1.67
WL-S30-008-0392,wall,1.0773,5.985,11.97,1.71
WL-S30-008-0393,wall,1.057,5.285,10.57,1.51
WL-S30-008-0394,wall,0.5033,0.7,1.4,0.2
WL-S30-008-0395,wall,0.5015,2.52,5.04,0.72
WL-S30-008-0396,wall,1.7263,2.66,5.32,0.76
WL-S30-008-0397,wall,0.3831,1.925,3.85,0.55
WL-S30-008-0398,wall,1.5462,7.77,15.54,2.22
WL-S30-008-0399,wall,0.805,4.025,8.05,1.15
WL-S30-008-0400,wall,0.7133,0.7,1.4,0.2
WL-S30-008-0401,wall,0.1497,0.753,1.505,0.215
WL-S30-008-0402,wall,0.7661,3.85,7.7,1.1
WL-S30-008-0403,wall,0.39,1.96,3.92,0.56
WL-S30-008-0404,wall,0.9472,4.76,9.52,1.36
WL-S30-008-0405,wall,0.14,0.7,1.4,0.2
WL-S30-008-0406,wall,2.59,12.95,25.9,3.7
WL-S30-008-0407,wall,0.196,0.98,1.96,0.28
WL-S30-008-0408,wall,0.8497,4.27,8.54,1.22
WL-S30-008-0409,wall,1.771,8.855,17.71,2.53
WL-S30-008-0410,wall,0.0364,0.367,0.735,0.105
WL-S30-008-0411,wall,1.4209,7.14,14.28,2.04
WL-S30-008-0412,wall,0.4597,2.31,4.62,0.66
WL-S30-008-0413,wall,1.3157,7.35,14.7,2.1
WL-S30-008-0414,wall,0.392,0.35,0.7,0.1
WL-S30-008-0415,wall,0.455,0.35,0.7,0.1
WL-S30-008-0416,wall,0.6132,5.11,10.22,1.46
WL-S30-008-0417,wall,0.5796,0.63,1.26,0.18
WL-S30-008-0418,wall,0.644,0.7,1.4,0.2
WL-S30-008-0419,wall,0.238,1.19,2.38,0.34
WL-S30-008-0420,wall,0.8533,0.7,1.4,0.2
WL-S30-008-0421,wall,0.9333,4.69,9.38,1.34
WL-S30-008-0422,wall,0.5663,0.7,1.4,0.2
WL-S30-008-0423,wall,0.5642,2.835,5.67,0.81
WL-S30-008-0424,wall,0.592,2.975,5.95,0.85
WL-S30-008-0425,wall,0.9905,4.953,9.905,1.415
WL-S30-008-0426,wall,0.202,1.015,2.03,0.29
WL-S30-008-0427,wall,1.8515,9.257,18.515,2.645
WL-S30-008-0428,wall,2.5736,12.932,25.865,3.695
WL-S30-008-0429,wall,2.758,13.79,27.58,3.94
WL-S30-008-0430,wall,2.2733,11.366,22.733,3.248
WL-S30-008-0431,wall,0.7,0.7,1.4,0.2
WL-S30-008-0432,wall,0.5075,2.538,5.075,0.725
WL-S30-008-0433,wall,0.5746,2.887,5.775,0.825
WL-S30-008-0434,wall,1.68,8.4,16.8,2.4
WL-S30-008-0435,wall,0.2786,1.4,2.8,0.4
WL-S30-008-0436,wall,0.434,0.7,1.4,0.2
WL-S30-008-0437,wall,0.854,0.7,1.4,0.2
WL-S30-008-0438,wall,0.1149,0.578,1.155,0.165
WL-S30-008-0439,wall,0.2905,1.453,2.905,0.415
WL-S30-008-0440,wall,0.854,0.7,1.4,0.2
WL-S30-008-0441,wall,1.015,5.075,10.15,1.45
WL-S30-008-0442,wall,0.294,0.7,1.4,0.2
WL-S30-008-0443,wall,1.0865,5.46,10.92,1.56
WL-S30-008-0444,wall,1.4105,7.052,14.105,2.015
WL-S30-008-0445,wall,1.183,5.915,11.83,1.69
WL-S30-008-0446,wall,4.7815,24.027,48.055,6.865
WL-S30-008-0447,wall,0.2229,1.12,2.24,0.32
WL-S30-008-0448,wall,0.0333,0.333,0.665,0.095
WL-S30-008-0449,wall,0.805,0.7,1.4,0.2
WL-S30-008-0450,wall,0.455,2.275,4.55,0.65
WL-S30-008-0451,wall,0.6083,0.7,1.4,0.2
WL-S30-008-0452,wall,0.801,4.025,8.05,1.15
WL-S30-008-0453,wall,0.5313,0.7,1.4,0.2
WL-S30-008-0454,wall,0.606,3.045,6.09,0.87
WL-S30-008-0455,wall,0.532,2.66,5.32,0.76
WL-S30-008-0456,wall,0.994,4.97,9.94,1.42
WL-S30-008-0457,wall,1.008,5.6,11.2,1.6
WL-S30-008-0458,wall,0.5914,4.97,9.94,1.42
WL-S30-008-0459,wall,1.5624,8.68,17.36,2.48
WL-S30-008-0460,wall,0.579,0.63,1.26,0.18
WL-S30-008-0461,wall,2.4759,2.223,4.445,0.635
WL-S30-008-0462,wall,1.323,7.35,14.7,2.1
WL-S30-008-0463,wall,1.0149,5.67,11.34,1.62
WL-S30-008-0464,wall,0.3916,0.35,0.7,0.1
WL-S30-008-0465,wall,0.455,0.35,0.7,0.1
WL-S30-008-0466,wall,0.3169,1.593,3.185,0.455
WL-S30-008-0467,wall,0.7133,0.7,1.4,0.2
WL-S30-008-0468,wall,0.3657,1.838,3.675,0.525
WL-S30-008-0469,wall,0.714,0.7,1.4,0.2
WL-S30-008-0470,wall,0.315,1.575,3.15,0.45
WL-S30-008-0471,wall,6.5406,5.845,11.69,1.67
WL-S30-008-0472,wall,1.0713,5.985,11.97,1.71
WL-S30-008-0473,wall,1.0517,5.285,10.57,1.51
WL-S30-008-0474,wall,0.504,0.7,1.4,0.2
WL-S30-008-0475,wall,0.5015,2.52,5.04,0.72
WL-S30-008-0476,wall,1.7263,2.66,5.32,0.76
WL-S30-008-0477,wall,0.385,1.925,3.85,0.55
WL-S30-008-0478,wall,1.554,7.77,15.54,2.22
WL-S30-008-0479,wall,0.801,4.025,8.05,1.15
WL-S30-008-0480,wall,0.7133,0.7,1.4,0.2
WL-S30-008-0481,wall,0.1505,0.753,1.505,0.215
WL-S30-008-0482,wall,0.7661,3.85,7.7,1.1
WL-S30-008-0483,wall,0.39,1.96,3.92,0.56
WL-S30-008-0484,wall,0.9472,4.76,9.52,1.36
WL-S30-008-0485,wall,0.1393,0.7,1.4,0.2
WL-S30-008-0486,wall,2.5771,12.95,25.9,3.7
WL-S30-008-0487,wall,0.196,0.98,1.96,0.28
WL-S30-008-0488,wall,0.8497,4.27,8.54,1.22
WL-S30-008-0489,wall,1.7621,8.855,17.71,2.53
WL-S30-008-0490,wall,0.0364,0.367,0.735,0.105
WL-S30-008-0491,wall,1.428,7.14,14.28,2.04
WL-S30-008-0492,wall,0.4597,2.31,4.62,0.66
WL-S30-008-0493,wall,1.323,7.35,14.7,2.1
WL-S30-008-0494,wall,0.392,0.35,0.7,0.1
WL-S30-008-0495,wall,0.4546,0.35,0.7,0.1
WL-S30-008-0496,wall,0.6081,5.11,10.22,1.46
WL-S30-008-0497,wall,0.5796,0.63,1.26,0.18
WL-S30-008-0498,wall,0.6433,0.7,1.4,0.2
WL-S30-008-0499,wall,0.2368,1.19,2.38,0.34
WL-S30-008-0500,wall,0.8533,0.7,1.4,0.2
WL-S30-008-0501,wall,0.9333,4.69,9.38,1.34
WL-S30-008-0502,wall,0.567,0.7,1.4,0.2
WL-S30-008-0503,wall,0.5642,2.835,5.67,0.81
WL-S30-008-0504,wall,0.592,2.975,5.95,0.85
WL-S30-008-0505,wall,0.9855,4.952,9.905,1.415
WL-S30-008-0506,wall,0.202,1.015,2.03,0.29
WL-S30-008-0507,wall,1.8515,9.258,18.515,2.645
WL-S30-008-0508,wall,2.5736,12.933,25.865,3.695
WL-S30-008-0509,wall,2.7442,13.79,27.58,3.94
WL-S30-008-0510,wall,2.2733,11.366,22.733,3.248
WL-S30-008-0511,wall,0.6993,0.7,1.4,0.2
WL-S30-008-0512,wall,0.5075,2.538,5.075,0.725
WL-S30-008-0513,wall,0.5746,2.887,5.775,0.825
WL-S30-008-0514,wall,1.68,8.4,16.8,2.4
WL-S30-008-0515,wall,0.2786,1.4,2.8,0.4
WL-S30-008-0516,wall,0.434,0.7,1.4,0.2
WL-S30-008-0517,wall,0.8533,0.7,1.4,0.2
WL-S30-008-0518,wall,0.1149,0.578,1.155,0.165
WL-S30-008-0519,wall,0.56,0.7,1.4,0.2
WL-S30-008-0520,wall,0.56,0.7,1.4,0.2
WL-S30-008-0521,wall,0.56,0.7,1.4,0.2
WL-S30-008-0522,wall,0.5593,0.7,1.4,0.2
WL-S30-008-0523,wall,3.6679,18.432,36.863,5.266
WL-S30-010-0524,wall,0.2905,1.453,2.905,0.415
WL-S30-010-0525,wall,0.854,0.7,1.4,0.2
WL-S30-010-0526,wall,1.015,5.075,10.15,1.45
WL-S30-010-0527,wall,0.294,0.7,1.4,0.2
WL-S30-010-0528,wall,1.0865,5.46,10.92,1.56
WL-S30-010-0529,wall,1.4034,7.052,14.105,2.015
WL-S30-010-0530,wall,1.183,5.915,11.83,1.69
WL-S30-010-0531,wall,4.7815,24.027,48.055,6.865
WL-S30-010-0532,wall,0.2229,1.12,2.24,0.32
WL-S30-010-0533,wall,0.0329,0.332,0.665,0.095
WL-S30-010-0534,wall,0.8043,0.7,1.4,0.2
WL-S30-010-0535,wall,0.455,2.275,4.55,0.65
WL-S30-010-0536,wall,0.609,0.7,1.4,0.2
WL-S30-010-0537,wall,0.801,4.025,8.05,1.15
WL-S30-010-0538,wall,0.5313,0.7,1.4,0.2
WL-S30-010-0539,wall,0.606,3.045,6.09,0.87
WL-S30-010-0540,wall,0.5293,2.66,5.32,0.76
WL-S30-010-0541,wall,0.994,4.97,9.94,1.42
WL-S30-010-0542,wall,1.008,5.6,11.2,1.6
WL-S30-010-0543,wall,0.5914,4.97,9.94,1.42
WL-S30-010-0544,wall,1.5624,8.68,17.36,2.48
WL-S30-010-0545,wall,0.5796,0.63,1.26,0.18
WL-S30-010-0546,wall,2.4759,2.222,4.445,0.635
WL-S30-010-0547,wall,1.323,7.35,14.7,2.1
WL-S30-010-0548,wall,1.0149,5.67,11.34,1.62
WL-S30-010-0549,wall,0.392,0.35,0.7,0.1
WL-S30-010-0550,wall,0.455,0.35,0.7,0.1
WL-S30-010-0551,wall,0.3169,1.593,3.185,0.455
WL-S30-010-0552,wall,0.7133,0.7,1.4,0.2
WL-S30-010-0553,wall,0.3657,1.837,3.675,0.525
WL-S30-010-0554,wall,0.714,0.7,1.4,0.2
WL-S30-010-0555,wall,0.3134,1.575,3.15,0.45
WL-S30-010-0556,wall,6.5464,5.845,11.69,1.67
WL-S30-010-0557,wall,1.0773,5.985,11.97,1.71
WL-S30-010-0558,wall,1.0517,5.285,10.57,1.51
WL-S30-010-0559,wall,0.504,0.7,1.4,0.2
WL-S30-010-0560,wall,0.5015,2.52,5.04,0.72
WL-S30-010-0561,wall,1.7263,2.66,5.32,0.76
WL-S30-010-0562,wall,0.3831,1.925,3.85,0.55
WL-S30-010-0563,wall,1.5462,7.77,15.54,2.22
WL-S30-010-0564,wall,0.805,4.025,8.05,1.15
WL-S30-010-0565,wall,0.7133,0.7,1.4,0.2
WL-S30-010-0566,wall,0.1505,0.752,1.505,0.215
WL-S30-010-0567,wall,0.7662,3.85,7.7,1.1
WL-S30-010-0568,wall,0.392,1.96,3.92,0.56
WL-S30-010-0569,wall,0.952,4.76,9.52,1.36
WL-S30-010-0570,wall,0.1393,0.7,1.4,0.2
WL-S30-010-0571,wall,2.59,12.95,25.9,3.7
WL-S30-010-0572,wall,0.196,0.98,1.96,0.28
WL-S30-010-0573,wall,0.854,4.27,8.54,1.22
WL-S30-010-0574,wall,1.771,8.855,17.71,2.53
WL-S30-010-0575,wall,0.0364,0.368,0.735,0.105
WL-S30-010-0576,wall,1.428,7.14,14.28,2.04
WL-S30-010-0577,wall,0.4597,2.31,4.62,0.66
WL-S30-010-0578,wall,1.3156,7.35,14.7,2.1
WL-S30-010-0579,wall,0.3916,0.35,0.7,0.1
WL-S30-010-0580,wall,0.455,0.35,0.7,0.1
WL-S30-010-0581,wall,0.6081,5.11,10.22,1.46
WL-S30-010-0582,wall,0.5796,0.63,1.26,0.18
WL-S30-010-0583,wall,0.6433,0.7,1.4,0.2
WL-S30-010-0584,wall,0.2368,1.19,2.38,0.34
WL-S30-010-0585,wall,0.854,0.7,1.4,0.2
WL-S30-010-0586,wall,0.9333,4.69,9.38,1.34
WL-S30-010-0587,wall,0.567,0.7,1.4,0.2
WL-S30-010-0588,wall,0.567,2.835,5.67,0.81
WL-S30-010-0589,wall,0.592,2.975,5.95,0.85
WL-S30-010-0590,wall,0.9905,4.953,9.905,1.415
WL-S30-010-0591,wall,0.202,1.015,2.03,0.29
WL-S30-010-0592,wall,1.8422,9.258,18.515,2.645
WL-S30-010-0593,wall,2.5865,12.932,25.865,3.695
WL-S30-010-0594,wall,2.758,13.79,27.58,3.94
WL-S30-010-0595,wall,2.2619,11.366,22.732,3.247
WL-S30-010-0596,wall,0.6993,0.7,1.4,0.2
WL-S30-010-0597,wall,0.5075,2.538,5.075,0.725
WL-S30-010-0598,wall,0.5746,2.887,5.775,0.825
WL-S30-010-0599,wall,1.68,8.4,16.8,2.4
WL-S30-010-0600,wall,0.2786,1.4,2.8,0.4
WL-S30-010-0601,wall,0.4333,0.7,1.4,0.2
WL-S30-010-0602,wall,0.854,0.7,1.4,0.2
WL-S30-010-0603,wall,0.1155,0.577,1.155,0.165
WL-S30-010-0604,wall,0.289,1.453,2.905,0.415
WL-S30-010-0605,wall,0.854,0.7,1.4,0.2
WL-S30-010-0606,wall,1.0099,5.075,10.15,1.45
WL-S30-010-0607,wall,0.2933,0.7,1.4,0.2
WL-S30-010-0608,wall,1.092,5.46,10.92,1.56
WL-S30-010-0609,wall,1.4034,7.052,14.105,2.015
WL-S30-010-0610,wall,1.183,5.915,11.83,1.69
WL-S30-010-0611,wall,4.7815,24.027,48.055,6.865
WL-S30-010-0612,wall,0.224,1.12,2.24,0.32
WL-S30-010-0613,wall,0.0329,0.332,0.665,0.095
WL-S30-010-0614,wall,0.8043,0.7,1.4,0.2
WL-S30-010-0615,wall,0.455,2.275,4.55,0.65
WL-S30-010-0616,wall,0.6083,0.7,1.4,0.2
WL-S30-010-0617,wall,0.801,4.025,8.05,1.15
WL-S30-010-0618,wall,0.532,0.7,1.4,0.2
WL-S30-010-0619,wall,0.609,3.045,6.09,0.87
WL-S30-010-0620,wall,0.532,2.66,5.32,0.76
WL-S30-010-0621,wall,0.994,4.97,9.94,1.42
WL-S30-010-0622,wall,1.0024,5.6,11.2,1.6
WL-S30-010-0623,wall,0.5914,4.97,9.94,1.42
WL-S30-010-0624,wall,1.5537,8.68,17.36,2.48
WL-S30-010-0625,wall,0.579,0.63,1.26,0.18
WL-S30-010-0626,wall,2.4781,2.222,4.445,0.635
WL-S30-010-0627,wall,1.3156,7.35,14.7,2.1
WL-S30-010-0628,wall,1.0206,5.67,11.34,1.62
WL-S30-010-0629,wall,0.392,0.35,0.7,0.1
WL-S30-010-0630,wall,0.4547,0.35,0.7,0.1
WL-S30-010-0631,wall,0.3185,1.592,3.185,0.455
WL-S30-010-0632,wall,0.714,0.7,1.4,0.2
WL-S30-010-0633,wall,0.3657,1.837,3.675,0.525
WL-S30-010-0634,wall,0.714,0.7,1.4,0.2
WL-S30-010-0635,wall,0.315,1.575,3.15,0.45
WL-S30-010-0636,wall,6.5464,5.845,11.69,1.67
WL-S30-010-0637,wall,1.0713,5.985,11.97,1.71
WL-S30-010-0638,wall,1.057,5.285,10.57,1.51
WL-S30-010-0639,wall,0.504,0.7,1.4,0.2
WL-S30-010-0640,wall,0.504,2.52,5.04,0.72
WL-S30-010-0641,wall,1.7263,2.66,5.32,0.76
WL-S30-010-0642,wall,0.385,1.925,3.85,0.55
WL-S30-010-0643,wall,1.5462,7.77,15.54,2.22
WL-S30-010-0644,wall,0.805,4.025,8.05,1.15
WL-S30-010-0645,wall,0.714,0.7,1.4,0.2
WL-S30-010-0646,wall,0.1497,0.752,1.505,0.215
WL-S30-010-0647,wall,0.7662,3.85,7.7,1.1
WL-S30-010-0648,wall,0.39,1.96,3.92,0.56
WL-S30-010-0649,wall,0.952,4.76,9.52,1.36
WL-S30-010-0650,wall,0.14,0.7,1.4,0.2
WL-S30-010-0651,wall,2.59,12.95,25.9,3.7
WL-S30-010-0652,wall,0.196,0.98,1.96,0.28
WL-S30-010-0653,wall,0.854,4.27,8.54,1.22
WL-S30-010-0654,wall,1.7621,8.855,17.71,2.53
WL-S30-010-0655,wall,0.0364,0.367,0.735,0.105
WL-S30-010-0656,wall,1.428,7.14,14.28,2.04
WL-S30-010-0657,wall,0.4597,2.31,4.62,0.66
WL-S30-010-0658,wall,1.3157,7.35,14.7,2.1
WL-S30-010-0659,wall,0.3917,0.35,0.7,0.1
WL-S30-010-0660,wall,0.455,0.35,0.7,0.1
WL-S30-010-0661,wall,0.6132,5.11,10.22,1.46
WL-S30-010-0662,wall,0.5796,0.63,1.26,0.18
WL-S30-010-0663,wall,0.6433,0.7,1.4,0.2
WL-S30-010-0664,wall,0.2368,1.19,2.38,0.34
WL-S30-010-0665,wall,0.854,0.7,1.4,0.2
WL-S30-010-0666,wall,0.938,4.69,9.38,1.34
WL-S30-010-0667,wall,0.567,0.7,1.4,0.2
WL-S30-010-0668,wall,0.567,2.835,5.67,0.81
WL-S30-010-0669,wall,0.595,2.975,5.95,0.85
WL-S30-010-0670,wall,0.9905,4.952,9.905,1.415
WL-S30-010-0671,wall,0.202,1.015,2.03,0.29
WL-S30-010-0672,wall,1.8422,9.258,18.515,2.645
WL-S30-010-0673,wall,2.5736,12.933,25.865,3.695
WL-S30-010-0674,wall,2.758,13.79,27.58,3.94
WL-S30-010-0675,wall,2.2732,11.366,22.732,3.247
WL-S30-010-0676,wall,0.7,0.7,1.4,0.2
WL-S30-010-0677,wall,0.505,2.537,5.075,0.725
WL-S30-010-0678,wall,0.5746,2.887,5.775,0.825
WL-S30-010-0679,wall,1.68,8.4,16.8,2.4
WL-S30-010-0680,wall,0.2786,1.4,2.8,0.4
WL-S30-010-0681,wall,0.434,0.7,1.4,0.2
WL-S30-010-0682,wall,0.854,0.7,1.4,0.2
WL-S30-010-0683,wall,0.1155,0.577,1.155,0.165
WL-S30-010-0684,wall,0.627,3.135,6.27,0.896
WL-S30-010-0685,wall,0.2572,1.286,2.572,0.367
WL-S30-010-0686,wall,0.0666,0.56,1.12,0.16
WL-S30-010-0687,wall,5.1318,25.788,51.576,7.368
WL-S30-010-0688,wall,0.112,0.56,1.12,0.16
WL-S30-010-0689,wall,0.1015,0.507,1.015,0.145
WL-S30-010-0690,wall,0.0666,0.56,1.12,0.16
WL-S30-010-0691,wall,1.7115,8.557,17.115,2.445
WL-S30-010-0692,wall,4.1084,20.542,41.084,5.869
WL-S30-010-0693,wall,4.5171,22.699,45.398,6.485
WL-S30-010-0694,wall,0.6965,3.5,7.0,1.0
WL-S30-010-0695,wall,1.9363,9.73,19.46,2.78
WL-S30-010-0696,wall,3.1675,15.838,31.675,4.525
WL-S30-010-0697,wall,4.2,21.0,42.0,6.0
WL-S30-010-0698,wall,3.5243,17.71,35.42,5.06
WL-S30-010-0699,wall,1.9502,9.8,19.6,2.8
WL-S30-010-0700,wall,2.7442,13.79,27.58,3.94
WL-S30-010-0701,wall,0.28,1.4,2.8,0.4
WL-S30-010-0702,wall,1.008,5.04,10.08,1.44
WL-S30-010-0703,wall,0.203,1.015,2.03,0.29
WL-S30-010-0704,wall,1.8422,9.258,18.515,2.645
WL-S30-010-0705,wall,1.785,8.925,17.85,2.55
WL-S30-010-0706,wall,0.7833,0.7,1.4,0.2
WL-S30-010-0707,wall,0.854,0.7,1.4,0.2
WL-S30-010-0708,wall,0.4333,0.7,1.4,0.2
WL-S30-010-0709,wall,1.68,8.4,16.8,2.4
WL-S30-010-0710,wall,4.48,22.4,44.8,6.4
WL-S30-010-0711,wall,4.2,21.0,42.0,6.0
WL-S30-010-0712,wall,3.542,17.71,35.42,5.06
WL-S30-010-0713,wall,1.9502,9.8,19.6,2.8
WL-S30-010-0714,wall,2.758,13.79,27.58,3.94
WL-S30-010-0715,wall,0.28,1.4,2.8,0.4
WL-S30-010-0716,wall,1.003,5.04,10.08,1.44
WL-S30-010-0717,wall,0.203,1.015,2.03,0.29
WL-S30-010-0718,wall,2.023,10.115,20.23,2.89
WL-S30-010-0719,wall,0.854,0.7,1.4,0.2
WL-S30-010-0720,wall,0.4333,0.7,1.4,0.2
WL-S30-010-0721,wall,3.4129,17.15,34.3,4.9
WL-S30-010-0722,wall,0.5593,0.7,1.4,0.2
WL-S30-010-0723,wall,0.56,0.7,1.4,0.2
WL-S30-010-0724,wall,0.56,0.7,1.4,0.2
WL-S30-010-0725,wall,0.56,0.7,1.4,0.2
WL-S30-010-0726,wall,3.6679,18.432,36.863,5.266
WL-S30-006-0727,wall,0.0,0.0,0.0,0.0
WL-S30-006-0728,wall,1.7776,2.091,4.182,0.597
WL-S30-006-0729,wall,0.1855,0.927,1.855,0.265
WL-S30-006-0730,wall,0.0,0.0,0.0,0.0
WL-S30-006-0731,wall,0.0,0.0,0.0,0.0
WL-S30-006-0732,wall,0.0,0.0,0.0,0.0
WL-S30-006-0733,wall,0.0697,0.35,0.7,0.1
WL-S30-006-0734,wall,0.854,0.7,1.4,0.2
WL-S30-006-0735,wall,0.0,0.0,0.0,0.0
WL-S30-006-0736,wall,0.392,0.35,0.7,0.1
WL-S30-006-0737,wall,0.0543,0.543,1.085,0.155
WL-S30-006-0738,wall,0.0697,0.35,0.7,0.1
WL-S30-006-0739,wall,0.0,0.0,0.0,0.0
WL-S30-006-0740,wall,0.0,0.0,0.0,0.0
WL-S30-006-0741,wall,7.7883,9.748,19.495,2.785
WL-S30-006-0742,wall,0.0,0.0,0.0,0.0
WL-S30-006-0743,wall,0.0,0.0,0.0,0.0
WL-S30-006-0744,wall,0.0,0.0,0.0,0.0
WL-S30-006-0745,wall,0.0,0.0,0.0,0.0
WL-S30-006-0746,wall,0.0,0.0,0.0,0.0
WL-S30-006-0747,wall,0.0,0.0,0.0,0.0
WL-S30-006-0748,wall,0.861,4.305,8.61,1.23
WL-S30-006-0749,wall,1.323,6.615,13.23,1.89
WL-S30-006-0750,wall,0.0,0.0,0.0,0.0
WL-S30-006-0751,wall,0.0665,0.332,0.665,0.095
WL-S30-006-0752,wall,0.592,3.307,6.615,0.945
WL-S30-006-0753,wall,0.455,2.275,4.55,0.65
WL-S30-006-0754,wall,0.91,4.55,9.1,1.3
WL-S30-006-0755,wall,0.938,4.69,9.38,1.34
WL-S30-006-0756,wall,0.707,3.535,7.07,1.01
WL-S30-006-0757,wall,1.239,6.195,12.39,1.77
WL-S30-006-0758,wall,0.0,0.0,0.0,0.0
WL-S30-006-0759,wall,2.0882,6.16,12.32,1.76
WL-S30-006-0760,wall,0.0,0.0,0.0,0.0
WL-S30-006-0761,wall,0.0697,0.35,0.7,0.1
WL-S30-006-0762,wall,0.0,0.0,0.0,0.0
WL-S30-006-0763,wall,0.07,0.35,0.7,0.1
WL-S30-006-0764,wall,0.7133,0.7,1.4,0.2
WL-S30-006-0765,wall,0.0193,0.193,0.385,0.055
WL-S30-006-0766,wall,2.5626,6.422,12.845,1.835
WL-S30-006-0767,wall,0.0,0.0,0.0,0.0
WL-S30-006-0768,wall,0.0,0.0,0.0,0.0
WL-S30-006-0769,wall,0.0,0.0,0.0,0.0
WL-S30-006-0770,wall,0.0385,0.193,0.385,0.055
WL-S30-006-0771,wall,0.714,0.7,1.4,0.2
WL-S30-006-0772,wall,0.0,0.0,0.0,0.0
WL-S30-006-0773,wall,0.0252,0.21,0.42,0.06
WL-S30-006-0774,wall,0.9345,4.673,9.345,1.335
WL-S30-006-0775,wall,0.7098,5.915,11.83,1.69
WL-S30-006-0776,wall,0.1393,0.7,1.4,0.2
WL-S30-006-0777,wall,0.0,0.0,0.0,0.0
WL-S30-006-0778,wall,0.0383,0.192,0.385,0.055
WL-S30-006-0779,wall,0.07,0.35,0.7,0.1
WL-S30-006-0780,wall,0.714,3.57,7.14,1.02
WL-S30-006-0781,wall,0.5985,2.992,5.985,0.855
WL-S30-006-0782,wall,2.66,2.8,5.6,0.8
WL-S30-006-0783,wall,1.295,6.475,12.95,1.85
WL-S30-006-0784,wall,0.0805,0.403,0.805,0.115
WL-S30-006-0785,wall,0.714,0.7,1.4,0.2
WL-S30-006-0786,wall,1.26,6.3,12.6,1.8
WL-S30-006-0787,wall,0.5145,2.572,5.145,0.735
WL-S30-006-0788,wall,0.644,0.7,1.4,0.2
WL-S30-006-0789,wall,0.854,0.7,1.4,0.2
WL-S30-006-0790,wall,1.19,5.95,11.9,1.7
WL-S30-006-0791,wall,0.588,2.94,5.88,0.84
WL-S30-006-0792,wall,0.994,4.97,9.94,1.42
WL-S30-006-0793,wall,0.28,1.4,2.8,0.4
WL-S30-006-0794,wall,0.289,1.452,2.905,0.415
WL-S30-006-0795,wall,0.8533,0.7,1.4,0.2
WL-S30-006-0796,wall,1.015,5.075,10.15,1.45
WL-S30-006-0797,wall,0.2933,0.7,1.4,0.2
WL-S30-006-0798,wall,1.0865,5.46,10.92,1.56
WL-S30-006-0799,wall,1.4105,7.052,14.105,2.015
WL-S30-006-0800,wall,1.1771,5.915,11.83,1.69
WL-S30-006-0801,wall,4.7815,24.027,48.055,6.865
WL-S30-006-0802,wall,0.224,1.12,2.24,0.32
WL-S30-006-0803,wall,0.0329,0.333,0.665,0.095
WL-S30-006-0804,wall,0.805,0.7,1.4,0.2
WL-S30-006-0805,wall,0.4527,2.275,4.55,0.65
WL-S30-006-0806,wall,0.6083,0.7,1.4,0.2
WL-S30-006-0807,wall,0.805,4.025,8.05,1.15
WL-S30-006-0808,wall,0.532,0.7,1.4,0.2
WL-S30-006-0809,wall,0.609,3.045,6.09,0.87
WL-S30-006-0810,wall,0.5293,2.66,5.32,0.76
WL-S30-006-0811,wall,0.994,4.97,9.94,1.42
WL-S30-006-0812,wall,1.008,5.6,11.2,1.6
WL-S30-006-0813,wall,0.5914,4.97,9.94,1.42
WL-S30-006-0814,wall,1.5624,8.68,17.36,2.48
WL-S30-006-0815,wall,0.579,0.63,1.26,0.18
WL-S30-006-0816,wall,2.4759,2.222,4.445,0.635
WL-S30-006-0817,wall,1.3157,7.35,14.7,2.1
WL-S30-006-0818,wall,1.0206,5.67,11.34,1.62
WL-S30-006-0819,wall,0.392,0.35,0.7,0.1
WL-S30-006-0820,wall,0.455,0.35,0.7,0.1
WL-S30-006-0821,wall,0.3185,1.593,3.185,0.455
WL-S30-006-0822,wall,0.7133,0.7,1.4,0.2
WL-S30-006-0823,wall,0.3675,1.838,3.675,0.525
WL-S30-006-0824,wall,0.7133,0.7,1.4,0.2
WL-S30-006-0825,wall,0.315,1.575,3.15,0.45
WL-S30-006-0826,wall,6.5406,5.845,11.69,1.67
WL-S30-006-0827,wall,1.0713,5.985,11.97,1.71
WL-S30-006-0828,wall,1.0517,5.285,10.57,1.51
WL-S30-006-0829,wall,0.504,0.7,1.4,0.2
WL-S30-006-0830,wall,0.5015,2.52,5.04,0.72
WL-S30-006-0831,wall,1.7263,2.66,5.32,0.76
WL-S30-006-0832,wall,0.385,1.925,3.85,0.55
WL-S30-006-0833,wall,1.5462,7.77,15.54,2.22
WL-S30-006-0834,wall,0.805,4.025,8.05,1.15
WL-S30-006-0835,wall,0.714,0.7,1.4,0.2
WL-S30-006-0836,wall,0.1497,0.752,1.505,0.215
WL-S30-006-0837,wall,0.77,3.85,7.7,1.1
WL-S30-006-0838,wall,0.39,1.96,3.92,0.56
WL-S30-006-0839,wall,0.9472,4.76,9.52,1.36
WL-S30-006-0840,wall,0.14,0.7,1.4,0.2
WL-S30-006-0841,wall,2.59,12.95,25.9,3.7
WL-S30-006-0842,wall,0.196,0.98,1.96,0.28
WL-S30-006-0843,wall,0.854,4.27,8.54,1.22
WL-S30-006-0844,wall,1.771,8.855,17.71,2.53
WL-S30-006-0845,wall,0.0364,0.368,0.735,0.105
WL-S30-006-0846,wall,1.4209,7.14,14.28,2.04
WL-S30-006-0847,wall,0.4597,2.31,4.62,0.66
WL-S30-006-0848,wall,1.3157,7.35,14.7,2.1
WL-S30-006-0849,wall,0.392,0.35,0.7,0.1
WL-S30-006-0850,wall,0.4546,0.35,0.7,0.1
WL-S30-006-0851,wall,0.6081,5.11,10.22,1.46
WL-S30-006-0852,wall,0.5796,0.63,1.26,0.18
WL-S30-006-0853,wall,0.6433,0.7,1.4,0.2
WL-S30-006-0854,wall,0.2368,1.19,2.38,0.34
WL-S30-006-0855,wall,0.854,0.7,1.4,0.2
WL-S30-006-0856,wall,0.938,4.69,9.38,1.34
WL-S30-006-0857,wall,0.5663,0.7,1.4,0.2
WL-S30-006-0858,wall,0.567,2.835,5.67,0.81
WL-S30-006-0859,wall,0.592,2.975,5.95,0.85
WL-S30-006-0860,wall,6.5406,5.845,11.69,1.67
WL-S30-006-0861,wall,1.0713,5.985,11.97,1.71
WL-S30-006-0862,wall,1.0517,5.285,10.57,1.51
WL-S30-006-0863,wall,0.504,0.7,1.4,0.2
WL-S30-006-0864,wall,0.5015,2.52,5.04,0.72
WL-S30-006-0865,wall,1.7263,2.66,5.32,0.76
WL-S30-006-0866,wall,0.3831,1.925,3.85,0.55
WL-S30-006-0867,wall,1.5462,7.77,15.54,2.22
WL-S30-006-0868,wall,0.805,4.025,8.05,1.15
WL-S30-006-0869,wall,0.7133,0.7,1.4,0.2
WL-S30-006-0870,wall,0.1497,0.752,1.505,0.215
WL-S30-006-0871,wall,0.77,3.85,7.7,1.1
WL-S30-006-0872,wall,0.39,1.96,3.92,0.56
WL-S30-006-0873,wall,0.9472,4.76,9.52,1.36
WL-S30-006-0874,wall,0.1393,0.7,1.4,0.2
WL-S30-006-0875,wall,2.59,12.95,25.9,3.7
WL-S30-006-0876,wall,0.196,0.98,1.96,0.28
WL-S30-006-0877,wall,0.854,4.27,8.54,1.22
WL-S30-006-0878,wall,1.771,8.855,17.71,2.53
WL-S30-006-0879,wall,0.0364,0.368,0.735,0.105
WL-S30-006-0880,wall,1.4209,7.14,14.28,2.04
WL-S30-006-0881,wall,0.4597,2.31,4.62,0.66
WL-S30-006-0882,wall,1.3157,7.35,14.7,2.1
WL-S30-006-0883,wall,0.392,0.35,0.7,0.1
WL-S30-006-0884,wall,0.455,0.35,0.7,0.1
WL-S30-006-0885,wall,0.6132,5.11,10.22,1.46
WL-S30-006-0886,wall,0.5796,0.63,1.26,0.18
WL-S30-006-0887,wall,0.644,0.7,1.4,0.2
WL-S30-006-0888,wall,0.2368,1.19,2.38,0.34
WL-S30-006-0889,wall,0.8533,0.7,1.4,0.2
WL-S30-006-0890,wall,0.9333,4.69,9.38,1.34
WL-S30-006-0891,wall,0.567,0.7,1.4,0.2
WL-S30-006-0892,wall,0.5642,2.835,5.67,0.81
WL-S30-006-0893,wall,0.592,2.975,5.95,0.85
WL-S30-006-0894,wall,0.9272,5.18,10.36,1.48
WL-S30-006-0895,wall,3.9218,3.115,6.23,0.89
WL-S30-006-0896,wall,1.3895,6.982,13.965,1.995
WL-S30-006-0897,wall,0.592,2.975,5.95,0.85
WL-S30-006-0898,wall,0.714,0.7,1.4,0.2
WL-S30-006-0899,wall,0.6643,0.7,1.4,0.2
WL-S30-006-0900,wall,0.2905,1.453,2.905,0.415
WL-S30-006-0901,wall,0.917,0.7,1.4,0.2
WL-S30-006-0902,wall,0.9124,4.585,9.17,1.31
WL-S30-006-0903,wall,1.092,5.46,10.92,1.56
WL-S30-006-0904,wall,1.4805,7.403,14.805,2.115
WL-S30-006-0905,wall,1.183,5.915,11.83,1.69
WL-S30-006-0906,wall,4.7815,24.027,48.055,6.865
WL-S30-006-0907,wall,0.2229,1.12,2.24,0.32
WL-S30-006-0908,wall,0.805,0.7,1.4,0.2
WL-S30-006-0909,wall,0.4527,2.275,4.55,0.65
WL-S30-006-0910,wall,0.6083,0.7,1.4,0.2
WL-S30-006-0911,wall,0.801,4.025,8.05,1.15
WL-S30-006-0912,wall,0.532,0.7,1.4,0.2
WL-S30-006-0913,wall,0.609,3.045,6.09,0.87
WL-S30-006-0914,wall,0.5293,2.66,5.32,0.76
WL-S30-006-0915,wall,0.989,4.97,9.94,1.42
WL-S30-006-0916,wall,1.5624,8.68,17.36,2.48
WL-S30-006-0917,wall,0.579,0.63,1.26,0.18
WL-S30-006-0918,wall,1.3157,7.35,14.7,2.1
WL-S30-006-0919,wall,0.2925,1.47,2.94,0.42
WL-S30-006-0920,wall,0.9905,4.952,9.905,1.415
WL-S30-006-0921,wall,0.203,1.015,2.03,0.29
WL-S30-006-0922,wall,1.8515,9.258,18.515,2.645
WL-S30-006-0923,wall,1.463,7.315,14.63,2.09
WL-S30-006-0924,wall,2.2619,11.366,22.733,3.248
WL-S30-006-0925,wall,0.8533,0.7,1.4,0.2
WL-S30-006-0926,wall,10.5561,9.03,18.06,2.58
WL-S30-006-0927,wall,0.7,0.7,1.4,0.2
WL-S30-006-0928,wall,0.505,2.538,5.075,0.725
WL-S30-006-0929,wall,0.5775,2.887,5.775,0.825
WL-S30-006-0930,wall,1.68,8.4,16.8,2.4
WL-S30-006-0931,wall,0.434,0.7,1.4,0.2
WL-S30-006-0932,wall,0.28,1.4,2.8,0.4
WL-S30-006-0933,wall,2.758,13.79,27.58,3.94
WL-S30-006-0934,wall,1.68,8.4,16.8,2.4
WL-S30-006-0935,wall,0.0,0.0,0.0,0.0
WL-S30-006-0936,wall,0.5775,2.887,5.775,0.825
WL-S30-006-0937,wall,3.0925,15.54,31.08,4.44
WL-S30-006-0938,wall,0.1715,0.858,1.715,0.245
WL-S30-006-0939,wall,0.0,0.0,0.0,0.0
WL-S30-006-0940,wall,0.147,0.735,1.47,0.21
WL-S30-006-0941,wall,0.4375,2.188,4.375,0.625
WL-S30-006-0942,wall,5.3235,4.55,9.1,1.3
WL-S30-006-0943,wall,0.693,3.465,6.93,0.99
WL-S30-006-0944,wall,2.3402,11.76,23.52,3.36
WL-S30-006-0945,wall,0.434,0.7,1.4,0.2
WL-S30-006-0946,wall,0.7,0.7,1.4,0.2
WL-S30-006-0947,wall,0.9065,4.533,9.065,1.295
WL-S30-006-0948,wall,0.875,4.375,8.75,1.25
WL-S30-006-0949,wall,0.1811,0.91,1.82,0.26
WL-S30-006-0950,wall,0.763,3.815,7.63,1.09
WL-S30-006-0951,wall,0.112,0.56,1.12,0.16
WL-S30-006-0952,wall,0.2572,1.286,2.572,0.367
WL-S30-006-0953,wall,5.6354,28.177,56.354,8.051
WL-S30-006-0954,wall,0.1114,0.56,1.12,0.16
WL-S30-006-0955,wall,0.1015,0.507,1.015,0.145
WL-S30-006-0956,wall,0.0666,0.56,1.12,0.16
WL-S30-006-0957,wall,1.7115,8.557,17.115,2.445
WL-S30-006-0958,wall,4.1084,20.542,41.084,5.869
WL-S30-006-0959,wall,1.0395,5.197,10.395,1.485
WL-S30-006-0960,wall,3.922,19.61,39.22,5.603
WL-S30-006-0961,wall,0.1657,0.833,1.666,0.238
WL-S30-006-0962,wall,0.6966,0.56,1.12,0.16
WL-S30-006-0963,wall,1.0482,5.268,10.535,1.505
WL-S30-006-0964,wall,0.1463,0.735,1.47,0.21
WL-S30-006-0965,wall,1.7815,8.908,17.815,2.545
WL-S30-006-0966,wall,2.5736,12.932,25.865,3.695
WL-S30-006-0967,wall,1.463,7.315,14.63,2.09
WL-S30-006-0968,wall,2.7442,13.79,27.58,3.94
WL-S30-006-0969,wall,3.1673,15.916,31.833,4.548
WL-S30-006-0970,wall,0.9093,0.7,1.4,0.2
WL-S30-006-0971,wall,0.7,0.7,1.4,0.2
WL-S30-006-0972,wall,0.5075,2.538,5.075,0.725
WL-S30-006-0973,wall,0.5775,2.888,5.775,0.825
WL-S30-006-0974,wall,1.68,8.4,16.8,2.4
WL-S30-006-0975,wall,0.209,1.05,2.1,0.3
WL-S30-006-0976,wall,0.4333,0.7,1.4,0.2
WL-S30-006-0977,wall,0.4876,2.45,4.9,0.7
WL-S30-006-0978,wall,0.07,0.35,0.7,0.1
WL-S30-006-0979,wall,0.0,0.0,0.0,0.0
WL-S30-006-0980,wall,0.0,0.0,0.0,0.0
WL-S30-006-0981,wall,0.5593,0.7,1.4,0.2
WL-S30-006-0982,wall,0.5593,0.7,1.4,0.2
WL-S30-006-0983,wall,0.56,0.7,1.4,0.2
WL-S30-006-0984,wall,0.56,0.7,1.4,0.2
WL-S30-006-0985,wall,3.6679,18.432,36.863,5.266
SL-S30-010-0001,slab,7.4641,49.761,49.761,0.0
SL-S30-010-0002,slab,7.812,52.08,52.08,0.0
SL-S30-010-0003,slab,8.2815,55.21,55.21,0.0
SL-S30-010-0004,slab,8.052,53.68,53.68,0.0
SL-S30-010-0005,slab,81.2548,541.699,541.699,0.0
SL-S30-010-0006,slab,8.052,53.68,53.68,0.0
SL-S30-010-0007,slab,7.2346,48.231,48.231,0.0
SL-S30-010-0008,slab,16.5404,110.269,110.269,0.0
SL-S30-010-0009,slab,55.3449,368.966,368.966,0.0
SL-S30-008-0010,slab,130.2626,868.417,868.417,0.0
SL-S30-008-0011,slab,81.296,541.974,541.974,0.0
SL-S30-008-0012,slab,33.8391,225.594,225.594,0.0
SL-S30-008-0013,slab,0.3276,2.184,2.184,0.0
SL-S30-008-0014,slab,7.5825,50.55,50.55,0.0
SL-S30-007-0015,slab,130.2626,868.417,868.417,0.0
SL-S30-006-0016,slab,133.8491,892.327,892.327,0.0
SL-S30-005-0017,slab,133.8491,892.327,892.327,0.0
SL-S30-004-0018,slab,131.6347,877.564,877.564,0.0
SL-S30-005-0019,slab,2.3585,15.723,15.723,0.0
SL-S30-006-0020,slab,1.7955,11.97,11.97,0.0
SL-S30-006-0021,slab,1.791,11.94,11.94,0.0
SL-S30-004-0022,slab,0.1,0.667,0.667,0.0
SL-S30-005-0023,slab,0.1,0.667,0.667,0.0
SL-S30-006-0024,slab,0.1,0.667,0.667,0.0
SL-S30-006-0025,slab,0.1,0.667,0.667,0.0
SL-S30-006-0026,slab,0.1,0.667,0.667,0.0
SL-S30-006-0027,slab,0.1,0.667,0.667,0.0
SL-S30-006-0028,slab,0.1,0.667,0.667,0.0
SL-S30-005-0029,slab,11.8173,78.782,78.782,0.0
SL-S30-005-0030,slab,0.7484,4.99,4.99,0.0
SL-S30-007-0031,slab,0.1,0.667,0.667,0.0
SL-S30-008-0032,slab,0.1,0.667,0.667,0.0
SL-S30-009-0033,slab,0.1,0.667,0.667,0.0
SL-S30-009-0034,slab,0.1,0.667,0.667,0.0
SL-S30-010-0035,slab,0.1,0.667,0.667,0.0
SL-S30-010-0036,slab,0.1,0.667,0.667,0.0
SL-S30-010-0037,slab,0.1,0.667,0.667,0.0
SL-S30-010-0038,slab,0.1,0.667,0.667,0.0
SL-S30-004-0039,slab,0.1,0.667,0.667,0.0
SL-S30-001-0040,slab,0.1,0.667,0.667,0.0
SL-S30-001-0041,slab,0.1,0.667,0.667,0.0
SL-S30-001-0042,slab,0.1,0.667,0.667,0.0
SL-S30-001-0043,slab,0.1,0.667,0.667,0.0
SL-S30-001-0044,slab,0.1,0.667,0.667,0.0
SL-S30-001-0045,slab,0.1,0.667,0.667,0.0
SL-S30-004-0046,slab,177.3349,1182.233,1182.233,0.0
SL-S30-002-0047,slab,0.1,0.667,0.667,0.0
SL-S30-002-0048,slab,0.1,0.667,0.667,0.0
SL-S30-002-0049,slab,0.1,0.667,0.667,0.0
SL-S30-003-0050,slab,0.1,0.667,0.667,0.0
SL-S30-003-0051,slab,0.1,0.667,0.667,0.0
SL-S30-003-0052,slab,0.1,0.667,0.667,0.0
SL-S30-006-0053,slab,0.1,0.667,0.667,0.0
SL-S30-007-0054,slab,0.1,0.667,0.667,0.0
SL-S30-009-0055,slab,0.1,0.667,0.667,0.0
SL-S30-008-0056,slab,0.1,0.667,0.667,0.0
SL-S30-006-0057,slab,0.1,0.667,0.667,0.0
SL-S30-008-0058,slab,0.1,0.667,0.667,0.0
SL-S30-009-0059,slab,0.1,0.667,0.667,0.0
FND-S30-005-0001,foundation,57.75,0.0,59.5,0.0
FND-S30-005-0002,foundation,96.5011,0.0,73.556,0.0
